Year,Country,Happiness Rank,Happiness Score,Freedom,Generosity,Healthy life expectancy,Perceptions of corruption,GDP per capita,Social support,Dystopia Residual
2015,Switzerland,1,7.587,0.66557,0.29678,0.94143,0.41978,1.39651,,2.51738
2015,Iceland,2,7.561,0.62877,0.4363,0.94784,0.14145,1.30232,,2.70201
2015,Denmark,3,7.527,0.64938,0.34139,0.87464,0.48357,1.32548,,2.49204
2015,Norway,4,7.522,0.66973,0.34699,0.88521,0.36503,1.459,,2.46531
2015,Canada,5,7.427,0.63297,0.45811,0.90563,0.32957,1.32629,,2.45176
2015,Finland,6,7.406,0.64169,0.23351,0.88911,0.41372,1.29025,,2.61955
2015,Netherlands,7,7.378,0.61576,0.4761,0.89284,0.31814,1.32944,,2.4657
2015,Sweden,8,7.364,0.6598,0.36262,0.91087,0.43844,1.33171,,2.37119
2015,New Zealand,9,7.286,0.63938,0.47501,0.90837,0.42922,1.25018,,2.26425
2015,Australia,10,7.284,0.65124,0.43562,0.93156,0.35637,1.33358,,2.26646
2015,Israel,11,7.278,0.41319,0.33172,0.91387,0.07785,1.22857,,3.08854
2015,Costa Rica,12,7.226,0.63376,0.25497,0.86027,0.10583,0.95578,,3.17728
2015,Austria,13,7.2,0.62433,0.33088,0.89042,0.18676,1.33723,,2.5332
2015,Mexico,14,7.187,0.48181,0.14074,0.81444,0.21312,1.02054,,3.60214
2015,United States,15,7.119,0.54604,0.40105,0.86179,0.1589,1.39451,,2.51011
2015,Brazil,16,6.983,0.49049,0.14574,0.69702,0.17521,0.98124,,3.26001
2015,Luxembourg,17,6.946,0.61583,0.28034,0.91894,0.37798,1.56391,,1.96961
2015,Ireland,18,6.94,0.61777,0.45901,0.89533,0.28703,1.33596,,1.9757
2015,Belgium,19,6.937,0.5845,0.2225,0.89667,0.2254,1.30782,,2.41484
2015,United Arab Emirates,20,6.901,0.64157,0.26428,0.80925,0.38583,1.42727,,2.24743
2015,United Kingdom,21,6.867,0.59625,0.51912,0.90943,0.32067,1.26637,,1.96994
2015,Oman,22,6.853,0.63274,0.21542,0.76276,0.32524,1.36011,,2.47489
2015,Venezuela,23,6.81,0.42908,0.05841,0.72052,0.11069,1.04424,,3.19131
2015,Singapore,24,6.798,0.54252,0.31105,1.02525,0.4921,1.52186,,1.88501
2015,Panama,25,6.786,0.5421,0.24434,0.79661,0.0927,1.06353,,2.84848
2015,Germany,26,6.75,0.61477,0.28214,0.89186,0.21843,1.32792,,2.11569
2015,Chile,27,6.67,0.44132,0.33363,0.85857,0.12869,1.10715,,2.67585
2015,Qatar,28,6.611,0.6404,0.32573,0.79733,0.52208,1.69042,,1.55674
2015,France,29,6.575,0.55011,0.12332,0.94579,0.20646,1.27778,,2.21126
2015,Argentina,30,6.574,0.44974,0.11451,0.78723,0.08484,1.05351,,2.836
2015,Czechia,31,6.505,0.46364,0.10686,0.84483,0.02652,1.17898,,2.67782
2015,Uruguay,32,6.485,0.60362,0.2324,0.8116,0.24558,1.06166,,2.32142
2015,Colombia,33,6.477,0.53466,0.18401,0.69077,0.0512,0.91861,,2.85737
2015,Thailand,34,6.455,0.55664,0.5763,0.7385,0.03187,0.9669,,2.31945
2015,Saudi Arabia,35,6.411,0.31048,0.13706,0.72025,0.32524,1.39541,,2.43872
2015,Spain,36,6.329,0.45951,0.18227,0.95562,0.06398,1.23011,,2.12367
2015,Malta,37,6.302,0.60365,0.51752,0.88721,0.13586,1.2074,,1.6488
2015,Taiwan Province of China,38,6.298,0.3974,0.25376,0.8753,0.08129,1.29098,,2.32323
2015,Kuwait,39,6.295,0.55499,0.16228,0.72492,0.25609,1.55422,,1.87634
2015,Suriname,40,6.269,0.59657,0.16991,0.6082,0.13633,0.99534,,2.79094
2015,Trinidad and Tobago,41,6.168,0.55884,0.31844,0.61483,0.0114,1.21183,,2.26882
2015,El Salvador,42,6.13,0.4035,0.10692,0.67737,0.11776,0.76454,,3.035
2015,Guatemala,43,6.123,0.57733,0.27489,0.64425,0.09472,0.74553,,2.74255
2015,Uzbekistan,44,6.003,0.65821,0.22837,0.59772,0.30826,0.63244,,2.23741
2015,Slovakia,45,5.995,0.31751,0.16893,0.78902,0.03431,1.16891,,2.24639
2015,Japan,46,5.987,0.49615,0.10705,0.99111,0.1806,1.27074,,1.68435
2015,South Korea,47,5.984,0.33208,0.18557,0.96538,0.07857,1.24461,,2.21978
2015,Ecuador,48,5.975,0.48574,0.11541,0.79075,0.1809,0.86402,,2.53942
2015,Bahrain,49,5.96,0.45492,0.17362,0.74716,0.306,1.32376,,1.73797
2015,Italy,50,5.948,0.26236,0.22823,0.95446,0.02901,1.25114,,2.02518
2015,Bolivia,51,5.89,0.57414,0.20536,0.5392,0.088,0.68133,,2.82334
2015,Moldova,52,5.889,0.32818,0.20951,0.61826,0.01615,0.59448,,3.10712
2015,Paraguay,53,5.878,0.53899,0.3424,0.66098,0.08242,0.75985,,2.18896
2015,Kazakhstan,54,5.855,0.51649,0.11827,0.64368,0.08454,1.12254,,2.24729
2015,Slovenia,55,5.848,0.60855,0.25328,0.87337,0.03787,1.18498,,1.61583
2015,Lithuania,56,5.833,0.21342,0.02641,0.73128,0.01031,1.14723,,2.44649
2015,Nicaragua,57,5.828,0.55475,0.27815,0.74314,0.19317,0.59325,,2.32407
2015,Peru,58,5.824,0.41496,0.14982,0.73017,0.05989,0.90019,,2.5945
2015,Belarus,59,5.813,0.37938,0.11046,0.73608,0.1909,1.03192,,2.1309
2015,Poland,60,5.791,0.53122,0.16759,0.77903,0.04212,1.12555,,1.86565
2015,Malaysia,61,5.77,0.53024,0.33075,0.72394,0.10501,1.12486,,1.88541
2015,Croatia,62,5.759,0.25883,0.05444,0.78805,0.0243,1.08254,,2.75414
2015,Libya,63,5.754,0.41668,0.18295,0.7038,0.11023,1.13145,,2.09066
2015,Russia,64,5.716,0.36679,0.00199,0.66926,0.03005,1.13764,,2.27394
2015,Jamaica,65,5.709,0.50442,0.2123,0.68741,0.02299,0.81038,,2.32038
2015,North Cyprus,66,5.695,0.49027,0.26169,0.92356,0.1428,1.20806,,1.59888
2015,Cyprus,67,5.689,0.40672,0.30638,0.92356,0.06146,1.20813,,1.88931
2015,Algeria,68,5.605,0.28579,0.07822,0.61766,0.17383,0.93929,,2.43209
2015,Kosovo,69,5.589,0.24749,0.2831,0.63132,0.04741,0.80148,,2.76579
2015,Turkmenistan,70,5.548,0.4761,0.16979,0.53886,0.30844,0.95847,,1.86984
2015,Mauritius,71,5.477,0.56066,0.37744,0.7095,0.07521,1.00761,,1.76145
2015,Hong Kong S.A.R. of China,72,5.474,0.59608,0.39478,1.01328,0.37124,1.38604,,0.65429
2015,Estonia,73,5.429,0.44888,0.0868,0.77361,0.15184,1.15174,,1.58782
2015,Indonesia,74,5.399,0.46611,0.51535,0.63793,0.0,0.82827,,1.86399
2015,Vietnam,75,5.36,0.59444,0.1686,0.74676,0.10441,0.63216,,2.20173
2015,Turkey,76,5.332,0.22815,0.12253,0.73172,0.15746,1.06098,,2.08528
2015,Kyrgyzstan,77,5.286,0.43477,0.3003,0.65088,0.04232,0.47428,,2.2327
2015,Nigeria,78,5.268,0.34334,0.27233,0.16007,0.0403,0.65435,,2.89319
2015,Bhutan,79,5.253,0.53206,0.47998,0.57407,0.15445,0.77042,,1.63794
2015,Azerbaijan,80,5.212,0.3703,0.07799,0.64045,0.16065,1.02389,,2.00073
2015,Pakistan,81,5.194,0.12102,0.33671,0.51466,0.10464,0.59543,,3.10709
2015,Jordan,82,5.192,0.40661,0.11053,0.69639,0.14293,0.90198,,1.87996
2015,Montenegro,82,5.192,0.1826,0.1614,0.72521,0.14296,0.97438,,2.10017
2015,China,84,5.14,0.51697,0.08185,0.81658,0.02781,0.89012,,1.8604
2015,Zambia,85,5.129,0.48827,0.19591,0.29924,0.12468,0.47038,,2.6343
2015,Romania,86,5.124,0.35068,0.13748,0.7689,0.00649,1.04345,,1.93129
2015,Serbia,87,5.123,0.20107,0.19231,0.74836,0.02617,0.92053,,2.025
2015,Portugal,88,5.102,0.51469,0.13719,0.87519,0.01078,1.15991,,1.26462
2015,Latvia,89,5.098,0.29671,0.18226,0.72437,0.06332,1.11312,,1.62215
2015,Philippines,90,5.073,0.62545,0.24991,0.58114,0.12279,0.70532,,1.7536
2015,Somaliland region,91,5.057,0.46582,0.50318,0.43873,0.39928,0.18847,,2.11032
2015,Morocco,92,5.013,0.41691,0.07172,0.60954,0.08546,0.73479,,2.45373
2015,North Macedonia,93,5.007,0.33457,0.22359,0.73545,0.05327,0.91851,,1.73933
2015,Mozambique,94,4.971,0.34037,0.22269,0.09131,0.15603,0.08308,,3.05137
2015,Albania,95,4.959,0.35733,0.14272,0.81325,0.06413,0.87867,,1.89894
2015,Bosnia and Herzegovina,96,4.949,0.09245,0.24808,0.79081,0.00227,0.83223,,2.06367
2015,Lesotho,97,4.898,0.31767,0.16388,0.07612,0.12504,0.37545,,2.79832
2015,Dominican Republic,98,4.885,0.57672,0.21684,0.66825,0.14234,0.89537,,1.21305
2015,Laos,99,4.876,0.59591,0.42192,0.54909,0.24249,0.59066,,1.73799
2015,Mongolia,100,4.874,0.43626,0.3323,0.60268,0.02666,0.82819,,1.34759
2015,"Eswatini, Kingdom of",101,4.867,0.30658,0.18259,0.07566,0.0306,0.71206,,2.48676
2015,Greece,102,4.857,0.07699,0.0,0.88213,0.01397,1.15406,,1.80101
2015,Lebanon,103,4.839,0.33916,0.21854,0.83947,0.04582,1.02564,,1.57059
2015,Hungary,104,4.8,0.32112,0.128,0.75905,0.02758,1.12094,,1.24074
2015,Honduras,105,4.788,0.40148,0.23027,0.6951,0.06825,0.59532,,1.84408
2015,Tajikistan,106,4.786,0.47216,0.22974,0.57379,0.15072,0.39047,,2.11399
2015,Tunisia,107,4.739,0.26268,0.06431,0.73793,0.06358,0.88113,,2.12466
2015,Palestinian Territories,108,4.715,0.24499,0.11251,0.66015,0.12905,0.59867,,2.04384
2015,Bangladesh,109,4.694,0.4082,0.21222,0.60164,0.12569,0.39753,,2.51767
2015,Iran,110,4.686,0.30033,0.38086,0.69805,0.05863,1.0088,,1.6944
2015,Ukraine,111,4.681,0.25123,0.15275,0.6739,0.02961,0.79907,,1.5714
2015,Iraq,112,4.677,0.0,0.17922,0.60237,0.13788,0.98549,,1.95335
2015,South Africa,113,4.642,0.33207,0.11973,0.27688,0.08884,0.92049,,1.71956
2015,Ghana,114,4.633,0.42342,0.23087,0.40132,0.04355,0.54558,,2.30919
2015,Zimbabwe,115,4.61,0.25861,0.18987,0.33475,0.08079,0.271,,2.44191
2015,Liberia,116,4.571,0.28531,0.24362,0.34201,0.06232,0.0712,,2.77729
2015,India,117,4.565,0.39786,0.26475,0.51529,0.08492,0.64499,,2.27513
2015,Sudan,118,4.55,0.10081,0.19062,0.36878,0.1466,0.52107,,2.20857
2015,Haiti,119,4.518,0.24425,0.46187,0.38847,0.17175,0.26673,,2.24173
2015,Congo (Kinshasa),120,4.517,0.22605,0.24834,0.09806,0.07625,0.0,,2.86712
2015,Nepal,121,4.514,0.38282,0.32296,0.56874,0.05907,0.35997,,1.95637
2015,Ethiopia,122,4.512,0.4345,0.24325,0.44055,0.15048,0.19073,,2.44876
2015,Sierra Leone,123,4.507,0.4084,0.21488,0.0,0.08786,0.33024,,2.51009
2015,Mauritania,124,4.436,0.24232,0.219,0.35874,0.17461,0.45407,,2.11773
2015,Kenya,125,4.419,0.42215,0.37542,0.41435,0.05839,0.36471,,1.78555
2015,Djibouti,126,4.369,0.46074,0.18093,0.36291,0.28105,0.44025,,2.05125
2015,Armenia,127,4.35,0.19847,0.07855,0.7299,0.039,0.76821,,1.75873
2015,Botswana,128,4.332,0.49495,0.10461,0.04776,0.12474,0.99355,,1.46181
2015,Myanmar,129,4.307,0.44017,0.79588,0.48246,0.19034,0.27108,,1.41805
2015,Georgia,130,4.297,0.40577,0.05547,0.72926,0.38331,0.7419,,1.59541
2015,Malawi,131,4.292,0.43054,0.33128,0.22562,0.06977,0.01604,,2.80791
2015,Sri Lanka,132,4.271,0.53726,0.40828,0.70806,0.09179,0.83524,,0.67108
2015,Cameroon,133,4.252,0.49309,0.20618,0.23402,0.05786,0.4225,,1.95071
2015,Bulgaria,134,4.218,0.30587,0.11921,0.76649,0.00872,1.01216,,0.89991
2015,Egypt,135,4.194,0.17288,0.11291,0.61712,0.06324,0.8818,,1.59927
2015,Yemen,136,4.077,0.35571,0.09131,0.40064,0.07854,0.54649,,1.92313
2015,Angola,137,4.033,0.10384,0.12344,0.16683,0.07122,0.75778,,1.94939
2015,Mali,138,3.995,0.38857,0.18798,0.20583,0.12352,0.26074,,1.79293
2015,Congo (Brazzaville),139,3.989,0.41466,0.12388,0.31051,0.11686,0.67866,,1.68135
2015,Comoros,140,3.956,0.22917,0.17441,0.36315,0.199,0.23906,,1.95812
2015,Uganda,141,3.931,0.45727,0.29066,0.33861,0.07267,0.21102,,1.42766
2015,Senegal,142,3.904,0.36772,0.20843,0.4354,0.10713,0.36498,,1.44395
2015,Gabon,143,3.896,0.31914,0.06822,0.43372,0.11091,1.06024,,0.99895
2015,Niger,144,3.845,0.47692,0.19387,0.29707,0.15639,0.0694,,1.87877
2015,Cambodia,145,3.819,0.66246,0.40359,0.61114,0.07247,0.46038,,0.98195
2015,Tanzania,146,3.781,0.32878,0.34377,0.38215,0.05747,0.2852,,1.38079
2015,Madagascar,147,3.681,0.19184,0.21333,0.46721,0.08124,0.20824,,1.851
2015,Central African Republic,148,3.678,0.48879,0.23835,0.06699,0.08289,0.0785,,2.7223
2015,Chad,149,3.667,0.23501,0.18386,0.1501,0.05269,0.34193,,1.94296
2015,Guinea,150,3.656,0.37725,0.28657,0.24009,0.12139,0.17417,,1.99172
2015,Ivory Coast,151,3.655,0.46866,0.20165,0.15185,0.17922,0.46534,,1.41723
2015,Burkina Faso,152,3.587,0.39493,0.21747,0.27125,0.12832,0.25812,,1.46494
2015,Afghanistan,153,3.575,0.23414,0.3651,0.30335,0.09719,0.31982,,1.9521
2015,Rwanda,154,3.465,0.59201,0.22628,0.42864,0.55191,0.22208,,0.67042
2015,Benin,155,3.34,0.4845,0.1826,0.3191,0.0801,0.28665,,1.63328
2015,Syria,156,3.006,0.15684,0.47179,0.72193,0.18906,0.6632,,0.32858
2015,Burundi,157,2.905,0.1185,0.19727,0.22396,0.10062,0.0153,,1.83302
2015,Togo,158,2.839,0.36453,0.16681,0.28443,0.10731,0.20868,,1.56726
2016,Denmark,1,7.526,0.57941,0.36171,0.79504,0.44453,1.44178,,2.73939
2016,Switzerland,2,7.509,0.58557,0.28083,0.86303,0.41203,1.52733,,2.69463
2016,Iceland,3,7.501,0.56624,0.47678,0.86733,0.14975,1.42666,,2.83137
2016,Norway,4,7.498,0.59609,0.37895,0.79579,0.35776,1.57744,,2.66465
2016,Finland,5,7.413,0.57104,0.25492,0.81091,0.41004,1.40598,,2.82596
2016,Canada,6,7.404,0.5737,0.44834,0.8276,0.31329,1.44015,,2.70485
2016,Netherlands,7,7.339,0.55211,0.47416,0.81231,0.29927,1.46468,,2.70749
2016,New Zealand,8,7.334,0.58147,0.49401,0.83096,0.41904,1.36066,,2.47553
2016,Australia,9,7.313,0.56837,0.47407,0.8512,0.32331,1.44443,,2.5465
2016,Sweden,10,7.291,0.58218,0.38254,0.83121,0.40867,1.45181,,2.54734
2016,Israel,11,7.267,0.36432,0.32288,0.84917,0.08728,1.33766,,3.31029
2016,Austria,12,7.119,0.54355,0.32865,0.80565,0.21348,1.45038,,2.69343
2016,United States,13,7.104,0.48163,0.41077,0.779,0.14868,1.50796,,2.72782
2016,Costa Rica,14,7.087,0.55225,0.22553,0.76146,0.10547,1.06879,,3.35168
2016,Puerto Rico,15,7.039,0.46823,0.22202,0.77758,0.12275,1.35943,,3.0076
2016,Germany,16,6.994,0.53466,0.30452,0.81487,0.28551,1.44787,,2.50931
2016,Brazil,17,6.952,0.40425,0.15776,0.61415,0.14166,1.08754,,3.50733
2016,Belgium,18,6.929,0.51354,0.2424,0.81959,0.26248,1.42539,,2.61355
2016,Ireland,19,6.907,0.54008,0.44963,0.81455,0.29754,1.48341,,2.15988
2016,Luxembourg,20,6.871,0.5487,0.27571,0.84542,0.35329,1.69752,,2.11055
2016,Mexico,21,6.778,0.37709,0.11735,0.71143,0.18355,1.11508,,3.55906
2016,Singapore,22,6.739,0.4877,0.32706,0.94719,0.46987,1.64555,,1.99375
2016,United Kingdom,23,6.725,0.50036,0.50156,0.80991,0.27399,1.40283,,2.14999
2016,Chile,24,6.705,0.37789,0.31595,0.81883,0.11451,1.2167,,2.95505
2016,Panama,25,6.701,0.48927,0.2418,0.70835,0.08423,1.18306,,3.00559
2016,Argentina,26,6.65,0.42284,0.10989,0.69711,0.07296,1.15137,,3.12985
2016,Czechia,27,6.596,0.41418,0.09929,0.76376,0.03986,1.30915,,2.96211
2016,United Arab Emirates,28,6.573,0.56215,0.26591,0.72993,0.35561,1.57352,,2.21507
2016,Uruguay,29,6.545,0.54388,0.18056,0.72183,0.21394,1.18157,,2.67139
2016,Malta,30,6.488,0.54994,0.56237,0.80315,0.17554,1.30782,,1.99032
2016,Colombia,31,6.481,0.44735,0.15626,0.59659,0.05399,1.03032,,3.17471
2016,France,32,6.478,0.46562,0.1216,0.83795,0.17808,1.39488,,2.4744
2016,Thailand,33,6.474,0.49553,0.58696,0.64915,0.02833,1.0893,,2.5796
2016,Saudi Arabia,34,6.379,0.37904,0.15457,0.59267,0.30008,1.48953,,2.61482
2016,Taiwan Province of China,34,6.379,0.32377,0.25495,0.79565,0.0663,1.39729,,2.61523
2016,Qatar,36,6.375,0.56679,0.32388,0.71723,0.48049,1.82427,,1.58224
2016,Spain,37,6.361,0.37545,0.17665,0.87896,0.06137,1.34253,,2.39663
2016,Algeria,38,6.355,0.21006,0.07044,0.61804,0.16157,1.05266,,3.40904
2016,Guatemala,39,6.324,0.50379,0.28808,0.54039,0.08701,0.83454,,3.19863
2016,Suriname,40,6.269,0.52234,0.16665,0.50933,0.12692,1.09686,,3.06852
2016,Kuwait,41,6.239,0.43166,0.15965,0.63569,0.23669,1.61714,,2.28085
2016,Bahrain,42,6.218,0.47375,0.17147,0.65696,0.25772,1.44024,,2.27405
2016,Trinidad and Tobago,43,6.168,0.48453,0.31935,0.52608,0.01241,1.32572,,2.51394
2016,Venezuela,44,6.084,0.19847,0.0425,0.61904,0.08304,1.13367,,2.97468
2016,Slovakia,45,6.078,0.23391,0.13837,0.70367,0.02947,1.27973,,2.61065
2016,El Salvador,46,6.068,0.37269,0.08877,0.596,0.10613,0.8737,,3.22134
2016,Malaysia,47,6.005,0.39031,0.41474,0.62366,0.09081,1.25142,,2.35384
2016,Nicaragua,48,5.992,0.46582,0.29773,0.65213,0.16292,0.69384,,2.82428
2016,Uzbekistan,49,5.987,0.60848,0.34326,0.50163,0.28333,0.73591,,2.34638
2016,Italy,50,5.977,0.18827,0.16684,0.85102,0.02556,1.35495,,2.34918
2016,Ecuador,51,5.976,0.4027,0.10074,0.68613,0.18037,0.97306,,2.77366
2016,Belize,52,5.956,0.51231,0.23684,0.45569,0.10771,0.87616,,3.08039
2016,Japan,53,5.921,0.46761,0.10224,0.91491,0.18985,1.38007,,1.80584
2016,Kazakhstan,54,5.919,0.4052,0.15011,0.57386,0.11132,1.22943,,2.49325
2016,Moldova,55,5.897,0.25202,0.19997,0.52309,0.01903,0.69177,,3.38007
2016,Russia,56,5.856,0.32682,0.02736,0.58991,0.03586,1.23228,,2.59115
2016,Poland,57,5.835,0.4519,0.14443,0.69058,0.055,1.24585,,2.20035
2016,South Korea,57,5.835,0.25168,0.18824,0.88645,0.07716,1.35948,,2.35015
2016,Bolivia,59,5.822,0.50961,0.21698,0.4697,0.07746,0.79422,,2.91635
2016,Lithuania,60,5.813,0.18929,0.02025,0.64674,0.0182,1.2692,,2.60525
2016,Belarus,61,5.802,0.29091,0.13942,0.63104,0.17457,1.13062,,2.38582
2016,North Cyprus,62,5.771,0.43596,0.26322,0.84142,0.16578,1.31141,,1.93447
2016,Slovenia,63,5.768,0.53164,0.25738,0.79151,0.03635,1.29947,,1.79522
2016,Peru,64,5.743,0.37502,0.14527,0.62994,0.05292,0.99602,,2.73117
2016,Turkmenistan,65,5.658,0.37408,0.22567,0.44006,0.28467,1.08017,,2.21489
2016,Mauritius,66,5.648,0.46145,0.36951,0.66189,0.05203,1.14372,,2.20223
2016,Libya,67,5.615,0.40672,0.17087,0.52304,0.10339,1.06688,,2.39374
2016,Latvia,68,5.56,0.27996,0.17445,0.63952,0.0889,1.21788,,2.20859
2016,Cyprus,69,5.546,0.29507,0.27906,0.8488,0.05228,1.31857,,2.04497
2016,Paraguay,70,5.538,0.46235,0.25296,0.58295,0.07396,0.89373,,2.16091
2016,Romania,71,5.528,0.36712,0.12889,0.67602,0.00679,1.1697,,2.45184
2016,Estonia,72,5.517,0.41511,0.08423,0.68098,0.18519,1.27964,,1.81985
2016,Jamaica,73,5.51,0.43597,0.22245,0.59469,0.04294,0.89333,,2.35682
2016,Croatia,74,5.488,0.23907,0.18434,0.70524,0.04002,1.18649,,2.52462
2016,Hong Kong S.A.R. of China,75,5.458,0.48079,0.40097,0.95277,0.31647,1.5107,,0.92614
2016,Somalia,76,5.44,0.56778,0.27225,0.11466,0.3118,0.0,,3.83772
2016,Kosovo,77,5.401,0.14396,0.27992,0.54,0.06547,0.90145,,2.80998
2016,Turkey,78,5.389,0.23889,0.04707,0.64718,0.12348,1.16492,,2.29074
2016,Indonesia,79,5.314,0.39237,0.56521,0.49374,0.00322,0.95104,,2.03171
2016,Jordan,80,5.303,0.36023,0.14262,0.60712,0.13297,0.99673,,2.20142
2016,Azerbaijan,81,5.291,0.35327,0.0564,0.54504,0.17914,1.12373,,2.2735
2016,Philippines,82,5.279,0.54854,0.21674,0.47036,0.11757,0.81217,,2.23484
2016,China,83,5.245,0.44012,0.04959,0.73561,0.02745,1.0278,,2.17087
2016,Bhutan,84,5.196,0.46074,0.48546,0.49759,0.1616,0.8527,,1.82916
2016,Kyrgyzstan,85,5.185,0.40212,0.38432,0.55449,0.04762,0.56044,,2.28136
2016,Serbia,86,5.177,0.15718,0.20737,0.6458,0.04339,1.03437,,2.27539
2016,Bosnia and Herzegovina,87,5.163,0.09511,0.29889,0.70766,0.0,0.93383,,2.48406
2016,Montenegro,88,5.161,0.15111,0.17191,0.63533,0.12721,1.07838,,2.25531
2016,Dominican Republic,89,5.155,0.52259,0.21286,0.57669,0.12372,1.02787,,1.69626
2016,Morocco,90,5.151,0.25646,0.04053,0.59471,0.08404,0.84058,,2.94891
2016,Hungary,91,5.145,0.1977,0.099,0.67608,0.04472,1.24142,,1.95473
2016,Pakistan,92,5.132,0.14622,0.31185,0.40306,0.1388,0.68816,,3.18286
2016,Lebanon,93,5.129,0.26228,0.23693,0.76171,0.03061,1.12268,,2.07339
2016,Portugal,94,5.123,0.44727,0.11691,0.79363,0.01521,1.27607,,1.53015
2016,North Macedonia,95,5.121,0.27668,0.23507,0.64738,0.07047,1.0193,,2.08947
2016,Vietnam,96,5.061,0.55954,0.25075,0.66157,0.11556,0.74037,,1.9418
2016,Somaliland Region,97,5.057,0.3913,0.51479,0.33108,0.36794,0.25558,,2.43801
2016,Tunisia,98,5.045,0.23553,0.03936,0.59577,0.0817,0.97724,,2.68413
2016,Greece,99,5.033,0.05822,0.0,0.80029,0.04127,1.24886,,2.12944
2016,Tajikistan,100,4.996,0.43408,0.25998,0.53119,0.13509,0.48835,,2.39106
2016,Mongolia,101,4.907,0.35972,0.34539,0.55469,0.03285,0.98853,,1.53586
2016,Laos,102,4.876,0.52168,0.43079,0.38291,0.22423,0.68042,,2.08637
2016,Nigeria,103,4.875,0.27854,0.23219,0.05108,0.0305,0.75216,,2.88586
2016,Honduras,104,4.871,0.26755,0.2044,0.58383,0.06906,0.69429,,2.29551
2016,Iran,105,4.813,0.22544,0.38538,0.64232,0.0557,1.11758,,1.99817
2016,Zambia,106,4.795,0.42662,0.17866,0.23573,0.11479,0.61202,,2.58991
2016,Nepal,107,4.793,0.37012,0.3816,0.50073,0.07008,0.44626,,2.32694
2016,Palestinian Territories,108,4.754,0.17744,0.11154,0.56844,0.10613,0.67024,,2.40364
2016,Albania,109,4.655,0.31866,0.1684,0.73007,0.05301,0.9553,,1.92816
2016,Bangladesh,110,4.643,0.39778,0.19132,0.52989,0.12583,0.54177,,2.60904
2016,Sierra Leone,111,4.635,0.30685,0.23897,0.0,0.08196,0.36485,,3.01402
2016,Iraq,112,4.575,0.24856,0.19589,0.51076,0.13636,1.07474,,1.81657
2016,Namibia,113,4.574,0.48614,0.07795,0.34745,0.10398,0.93287,,1.92198
2016,Cameroon,114,4.513,0.42736,0.2268,0.12698,0.06126,0.52497,,2.5198
2016,Ethiopia,115,4.508,0.36703,0.29522,0.34578,0.1717,0.29283,,2.65614
2016,South Africa,116,4.459,0.42483,0.13656,0.18611,0.08415,1.02416,,1.64227
2016,Sri Lanka,117,4.415,0.50817,0.46978,0.62007,0.07964,0.97318,,0.91681
2016,India,118,4.404,0.40285,0.25028,0.45091,0.08722,0.74036,,2.18032
2016,Myanmar,119,4.395,0.42692,0.81971,0.3988,0.20243,0.34112,,1.50655
2016,Egypt,120,4.362,0.18847,0.12706,0.52116,0.10393,0.95395,,1.96895
2016,Armenia,121,4.36,0.14037,0.07793,0.64083,0.03616,0.86086,,1.97864
2016,Kenya,122,4.356,0.40576,0.41328,0.30147,0.06686,0.52267,,1.88326
2016,Ukraine,123,4.324,0.12859,0.20363,0.58628,0.01829,0.87287,,1.50066
2016,Ghana,124,4.276,0.40973,0.21203,0.29681,0.0326,0.63107,,2.2002
2016,Congo (Kinshasa),125,4.272,0.15602,0.25458,0.188,0.06075,0.05661,,2.74924
2016,Georgia,126,4.252,0.32461,0.06786,0.64035,0.3188,0.83792,,1.87031
2016,Congo (Brazzaville),127,4.236,0.37938,0.12077,0.28212,0.09753,0.77109,,2.10681
2016,Senegal,128,4.219,0.31056,0.19103,0.40457,0.11681,0.44314,,1.97861
2016,Bulgaria,129,4.217,0.21219,0.12793,0.67806,0.00615,1.11306,,1.15377
2016,Mauritania,130,4.201,0.1268,0.22686,0.28639,0.17955,0.61391,,1.9263
2016,Zimbabwe,131,4.193,0.25429,0.18503,0.1595,0.08582,0.35041,,2.4427
2016,Malawi,132,4.156,0.4143,0.30968,0.29364,0.07564,0.08709,,2.82859
2016,Sudan,133,4.139,0.0,0.18077,0.29759,0.10039,0.63069,,2.10995
2016,Gabon,134,4.121,0.28098,0.06244,0.3494,0.09314,1.15851,,1.45332
2016,Mali,135,4.073,0.27544,0.21064,0.16347,0.13647,0.31292,,2.11087
2016,Haiti,136,4.028,0.12072,0.47958,0.27494,0.14476,0.34097,,2.37116
2016,Botswana,137,3.974,0.44089,0.12425,0.34752,0.10769,1.09426,,0.96741
2016,Comoros,138,3.956,0.15412,0.1827,0.29981,0.18437,0.27509,,2.25632
2016,Ivory Coast,139,3.916,0.40663,0.20338,0.04476,0.1553,0.55507,,1.97478
2016,Cambodia,140,3.907,0.58852,0.40339,0.42494,0.08092,0.55604,,1.31573
2016,Angola,141,3.866,0.00589,0.12071,0.04991,0.08434,0.84731,,2.09459
2016,Niger,142,3.856,0.38041,0.2097,0.26162,0.17176,0.1327,,2.09469
2016,South Sudan,143,3.832,0.19662,0.25899,0.15781,0.13015,0.39394,,2.50929
2016,Chad,144,3.763,0.12807,0.18667,0.03824,0.04952,0.42214,,2.30637
2016,Burkina Faso,145,3.739,0.3337,0.24353,0.21297,0.12533,0.31995,,1.87319
2016,Uganda,145,3.739,0.43653,0.27102,0.19625,0.06442,0.34719,,1.51416
2016,Yemen,147,3.724,0.2287,0.09821,0.31048,0.05892,0.57939,,1.97295
2016,Madagascar,148,3.695,0.13684,0.2204,0.37109,0.07506,0.27954,,2.15075
2016,Tanzania,149,3.666,0.3176,0.31472,0.357,0.05099,0.47155,,1.37769
2016,Liberia,150,3.622,0.25748,0.24063,0.23165,0.04852,0.10706,,2.23284
2016,Guinea,151,3.607,0.30953,0.29914,0.18829,0.1192,0.22415,,2.15604
2016,Rwanda,152,3.515,0.5432,0.23552,0.31865,0.50521,0.32846,,0.96819
2016,Benin,153,3.484,0.39747,0.2018,0.21028,0.06681,0.39499,,2.10812
2016,Afghanistan,154,3.36,0.1643,0.31268,0.17344,0.07112,0.38227,,2.14558
2016,Togo,155,3.303,0.34678,0.17517,0.24811,0.11587,0.28123,,2.1354
2016,Syria,156,3.069,0.06912,0.48397,0.62994,0.17233,0.74719,,0.81789
2016,Burundi,157,2.905,0.0432,0.2029,0.15747,0.09419,0.06831,,2.10404
2017,Norway,1,7.53700017929077,0.635422587394714,0.36201223731041,0.796666502952576,0.315963834524155,1.61646318435669,,2.27702665328979
2017,Denmark,2,7.52199983596802,0.626006722450256,0.355280488729477,0.792565524578094,0.40077006816864,1.48238301277161,,2.31370735168457
2017,Iceland,3,7.50400018692017,0.627162635326385,0.475540220737457,0.833552122116089,0.153526559472084,1.480633020401,,2.32271528244019
2017,Switzerland,4,7.49399995803833,0.620070576667786,0.290549278259277,0.858131289482117,0.367007285356522,1.56497955322266,,2.2767162322998
2017,Finland,5,7.4689998626709,0.617950856685638,0.24548277258873,0.80915766954422,0.38261154294014,1.44357192516327,,2.4301815032959
2017,Netherlands,6,7.3769998550415,0.585384488105774,0.470489829778671,0.810696125030518,0.282661825418472,1.50394463539124,,2.29480409622192
2017,Canada,7,7.31599998474121,0.611100912094116,0.435539722442627,0.83455765247345,0.287371516227722,1.47920441627502,,2.18726444244385
2017,New Zealand,8,7.31400012969971,0.614062130451202,0.500005125999451,0.816759705543518,0.382816702127457,1.40570604801178,,2.0464563369751
2017,Sweden,9,7.28399991989136,0.612924098968506,0.385399252176285,0.830875158309937,0.384398728609085,1.49438726902008,,2.09753799438477
2017,Australia,10,7.28399991989136,0.601607382297516,0.477699249982834,0.84388679265976,0.301183730363846,1.484414935112,,2.06521081924438
2017,Israel,11,7.21299982070923,0.405988603830338,0.330082654953003,0.83840399980545,0.0852421000599861,1.37538242340088,,2.80175733566284
2017,Costa Rica,12,7.0789999961853,0.580131649971008,0.214613229036331,0.759509265422821,0.100106589496136,1.10970628261566,,2.89863920211792
2017,Austria,13,7.00600004196167,0.567766189575195,0.316472321748734,0.815328419208527,0.221060365438461,1.48709726333618,,2.1385064125061
2017,United States,14,6.99300003051758,0.505740523338318,0.392578780651093,0.77428662776947,0.135638788342476,1.54625928401947,,2.2181134223938
2017,Ireland,15,6.97700023651123,0.573110342025757,0.42785832285881,0.80978262424469,0.29838815331459,1.53570663928986,,1.77386903762817
2017,Germany,16,6.95100021362305,0.562511384487152,0.336269170045853,0.798950731754303,0.276731938123703,1.48792338371277,,2.01576995849609
2017,Belgium,17,6.89099979400635,0.539770722389221,0.231503337621689,0.818091869354248,0.251343131065369,1.46378076076508,,2.12421035766602
2017,Luxembourg,18,6.86299991607666,0.59662789106369,0.283180981874466,0.845089495182037,0.31883442401886,1.74194359779358,,1.61951208114624
2017,United Kingdom,19,6.71400022506714,0.508190035820007,0.492774158716202,0.805335938930511,0.265428066253662,1.44163393974304,,1.70414352416992
2017,Chile,20,6.65199995040894,0.376895278692245,0.326662421226501,0.819479703903198,0.0822879821062088,1.25278460979462,,2.50958585739136
2017,United Arab Emirates,21,6.64799976348877,0.60834527015686,0.3609419465065,0.726798236370087,0.324489563703537,1.62634336948395,,1.734703540802
2017,Brazil,22,6.63500022888184,0.437453746795654,0.16234989464283,0.616552352905273,0.111092761158943,1.10735321044922,,2.76926708221436
2017,Czechia,23,6.60900020599365,0.490946173667908,0.0881067588925362,0.754444003105164,0.0368729270994663,1.35268235206604,,2.45186185836792
2017,Argentina,24,6.59899997711182,0.494519203901291,0.109457060694695,0.695137083530426,0.059739887714386,1.18529546260834,,2.61400532722473
2017,Mexico,25,6.57800006866455,0.412730008363724,0.120990432798862,0.709978997707367,0.132774114608765,1.15318381786346,,2.83715486526489
2017,Singapore,26,6.57200002670288,0.549840569496155,0.345965981483459,0.949492394924164,0.46430778503418,1.69227766990662,,1.21636199951172
2017,Malta,27,6.52699995040894,0.588767051696777,0.574730575084686,0.821944236755371,0.153066068887711,1.34327983856201,,1.55686283111572
2017,Uruguay,28,6.4539999961853,0.57939225435257,0.175096929073334,0.719216823577881,0.178061872720718,1.21755969524384,,2.17240953445435
2017,Guatemala,29,6.4539999961853,0.531310617923737,0.283488392829895,0.540239989757538,0.0772232785820961,0.872001945972443,,2.89389109611511
2017,Panama,30,6.4520001411438,0.550026834011078,0.21055693924427,0.706156134605408,0.070983923971653,1.23374843597412,,2.30719995498657
2017,France,31,6.44199991226196,0.470222115516663,0.129762306809425,0.844465851783752,0.172502428293228,1.43092346191406,,2.00595474243164
2017,Thailand,32,6.42399978637695,0.580200731754303,0.572123110294342,0.647239029407501,0.0316127352416515,1.12786877155304,,2.03950834274292
2017,Taiwan Province of China,33,6.42199993133545,0.361466586589813,0.258360475301743,0.793984234333038,0.0638292357325554,1.43362653255463,,2.1266074180603
2017,Spain,34,6.40299987792969,0.408781230449677,0.190133571624756,0.888960599899292,0.0709140971302986,1.38439786434174,,1.92775774002075
2017,Qatar,35,6.375,0.604130983352661,0.330473870038986,0.710098087787628,0.439299255609512,1.87076568603516,,1.1454644203186
2017,Colombia,36,6.35699987411499,0.477487415075302,0.149014472961426,0.595027923583984,0.0466687418520451,1.07062232494354,,2.61606812477112
2017,Saudi Arabia,37,6.3439998626709,0.449750572443008,0.147616013884544,0.590148329734802,0.27343225479126,1.53062355518341,,2.0654296875
2017,Trinidad and Tobago,38,6.16800022125244,0.518630743026733,0.325296461582184,0.519983291625977,0.0089648161083459,1.36135590076447,,2.05324745178223
2017,Kuwait,39,6.10500001907349,0.496337592601776,0.228289797902107,0.632105708122253,0.215159550309181,1.63295245170593,,1.64042520523071
2017,Slovakia,40,6.09800004959106,0.295817464590073,0.136544480919838,0.712732911109924,0.0242108516395092,1.32539355754852,,2.09777665138245
2017,Bahrain,41,6.08699989318848,0.536746919155121,0.172668486833572,0.653133034706116,0.257042169570923,1.48841226100922,,1.65614938735962
2017,Malaysia,42,6.08400011062622,0.402264982461929,0.416608929634094,0.618784427642822,0.0656007081270218,1.29121541976929,,2.00444889068604
2017,Nicaragua,43,6.07100009918213,0.447551846504211,0.301674216985703,0.653095960617065,0.130687981843948,0.737299203872681,,2.51393055915833
2017,Ecuador,44,6.00799989700317,0.4551981985569,0.150112465023994,0.685636222362518,0.140134647488594,1.00082039833069,,2.29035258293152
2017,El Salvador,45,6.00299978256226,0.432452529668808,0.0782579854130745,0.596018552780151,0.0899809598922729,0.909784495830536,,2.7145938873291
2017,Poland,46,5.97300004959106,0.520342111587524,0.158465966582298,0.699475347995758,0.0593078061938286,1.29178786277771,,1.79772281646729
2017,Uzbekistan,47,5.97100019454956,0.658248662948608,0.415983647108078,0.498272627592087,0.246528223156929,0.786441087722778,,1.81691360473633
2017,Italy,48,5.96400022506714,0.256450712680817,0.17278964817524,0.853144347667694,0.0280280914157629,1.39506661891937,,1.81331205368042
2017,Russia,49,5.96299982070923,0.373783111572266,0.0522638224065304,0.547349333763123,0.0329628810286522,1.28177809715271,,2.20560741424561
2017,Belize,50,5.95599985122681,0.547509372234344,0.240015640854836,0.450191766023636,0.0965810716152191,0.907975316047668,,2.63195562362671
2017,Japan,51,5.92000007629395,0.505625545978546,0.12057276815176,0.913475871086121,0.163760736584663,1.41691517829895,,1.36322355270386
2017,Lithuania,52,5.90199995040894,0.234231784939766,0.010164656676352,0.62894994020462,0.0118656428530812,1.31458234786987,,2.22844052314758
2017,Algeria,53,5.87200021743774,0.233335807919502,0.0694366469979286,0.617584645748138,0.146096110343933,1.09186446666718,,2.56760382652283
2017,Latvia,54,5.84999990463257,0.325707912445068,0.153074786067009,0.638566970825195,0.0738427266478539,1.26074862480164,,1.99365520477295
2017,South Korea,55,5.83799982070923,0.257921665906906,0.206674367189407,0.900214076042175,0.0632826685905457,1.40167844295502,,1.88037800788879
2017,Moldova,56,5.83799982070923,0.240729048848152,0.208779126405716,0.589465200901031,0.0100912861526012,0.728870630264282,,2.80780839920044
2017,Romania,57,5.82499980926514,0.457003742456436,0.133519917726517,0.685158312320709,0.00438790069893,1.21768391132355,,2.17683148384094
2017,Bolivia,58,5.82299995422363,0.558732926845551,0.22556072473526,0.473630249500275,0.0604777261614799,0.833756566047668,,2.44327902793884
2017,Turkmenistan,59,5.82200002670288,0.41827192902565,0.24992498755455,0.437726080417633,0.259270340204239,1.13077676296234,,1.83290982246399
2017,Kazakhstan,60,5.81899976730347,0.437454283237457,0.201964423060417,0.606041550636292,0.119282886385918,1.28455626964569,,1.78489255905151
2017,North Cyprus,61,5.80999994277954,0.471203625202179,0.266845703125,0.834647238254547,0.155353352427483,1.3469113111496,,1.54915761947632
2017,Slovenia,62,5.75799989700317,0.572575807571411,0.242649093270302,0.790828227996826,0.0451289787888527,1.3412059545517,,1.31331729888916
2017,Peru,63,5.71500015258789,0.450002878904343,0.126819714903831,0.630166113376617,0.0470490865409374,1.03522527217865,,2.20726943016052
2017,Mauritius,64,5.62900018692017,0.491247326135635,0.360933750867844,0.638007462024689,0.0421815551817417,1.18939554691315,,1.6975839138031
2017,Cyprus,65,5.62099981307983,0.355111539363861,0.271254301071167,0.84471470117569,0.0412379764020443,1.35593807697296,,1.62124919891357
2017,Estonia,66,5.61100006103516,0.479131430387497,0.0988908112049103,0.695168316364288,0.183248922228813,1.32087934017181,,1.35750865936279
2017,Belarus,67,5.56899976730347,0.295400261878967,0.15513750910759,0.637714266777039,0.156313821673393,1.15655755996704,,1.72323298454285
2017,Libya,68,5.52500009536743,0.465733230113983,0.152073666453362,0.520169019699097,0.0926102101802826,1.10180306434631,,1.83501124382019
2017,Turkey,69,5.5,0.300740599632263,0.0466930419206619,0.637605607509613,0.0996715798974037,1.19827437400818,,1.87927794456482
2017,Paraguay,70,5.49300003051758,0.473507791757584,0.224150657653809,0.579250693321228,0.091065913438797,0.932537317276001,,1.6853334903717
2017,Hong Kong S.A.R. of China,71,5.47200012207031,0.490968644618988,0.374465793371201,0.943062424659729,0.293933749198914,1.55167484283447,,0.554633140563965
2017,Philippines,72,5.42999982833862,0.585214674472809,0.193513423204422,0.468009054660797,0.0993318930268288,0.85769921541214,,1.97260475158691
2017,Serbia,73,5.39499998092651,0.208715528249741,0.220125883817673,0.65078467130661,0.0409037806093693,1.06931757926941,,1.94708442687988
2017,Jordan,74,5.33599996566772,0.418421149253845,0.172170460224152,0.604590058326721,0.11980327218771,0.991012394428253,,1.79117655754089
2017,Hungary,75,5.32399988174438,0.175863519310951,0.0784016624093056,0.687763452529907,0.0366369374096394,1.2860119342804,,1.71645927429199
2017,Jamaica,76,5.31099987030029,0.474307239055634,0.233818337321281,0.641022384166718,0.0552677810192108,0.925579309463501,,1.61232566833496
2017,Croatia,77,5.29300022125244,0.255772292613983,0.248002976179123,0.701288521289825,0.0431031100451946,1.22255623340607,,1.85449242591858
2017,Kosovo,78,5.27899980545044,0.260287940502167,0.319931447505951,0.541452050209045,0.0574716180562973,0.951484382152557,,2.01054072380066
2017,China,79,5.27299976348877,0.472787708044052,0.0288068410009146,0.741415500640869,0.0227942746132612,1.08116579055786,,1.76493859291077
2017,Pakistan,80,5.26900005340576,0.23521526157856,0.315446019172668,0.402047783136368,0.124348066747189,0.72688353061676,,2.79248929023743
2017,Indonesia,81,5.26200008392334,0.443323463201523,0.611704587936401,0.492345720529556,0.0153171354904771,0.995538592338562,,1.42947697639465
2017,Venezuela,82,5.25,0.153997123241425,0.0650196298956871,0.617144227027893,0.0644911229610443,1.12843120098114,,1.78946375846863
2017,Montenegro,83,5.23699998855591,0.194989055395126,0.197911024093628,0.667464673519135,0.0881741940975189,1.12112903594971,,1.72919154167175
2017,Morocco,84,5.2350001335144,0.408158332109451,0.0322099551558495,0.59771066904068,0.0877631828188896,0.878114581108093,,2.45618939399719
2017,Azerbaijan,85,5.23400020599365,0.398155838251114,0.0452693402767181,0.540775775909424,0.180987507104874,1.15360176563263,,1.76248168945312
2017,Dominican Republic,86,5.23000001907349,0.55258983373642,0.186967849731445,0.574873745441437,0.113945253193378,1.07937383651733,,1.31946516036987
2017,Greece,87,5.22700023651123,0.0957312509417534,0.0,0.810198903083801,0.04328977689147,1.28948748111725,,1.74922156333923
2017,Lebanon,88,5.22499990463257,0.288515985012054,0.264450758695602,0.735081076622009,0.037513829767704,1.07498753070831,,1.69507384300232
2017,Portugal,89,5.19500017166138,0.498465299606323,0.0951027125120163,0.795843541622162,0.0158694516867399,1.3151752948761,,1.10768270492554
2017,Bosnia and Herzegovina,90,5.18200016021729,0.204403176903725,0.328867495059967,0.705186307430267,0.0,0.982409417629242,,1.89217257499695
2017,Honduras,91,5.18100023269653,0.348079860210419,0.236188873648643,0.582569479942322,0.0733454525470734,0.730573117733002,,2.06581115722656
2017,North Macedonia,92,5.17500019073486,0.325905978679657,0.25376096367836,0.644948184490204,0.0602777935564518,1.06457793712616,,1.6174693107605
2017,Somalia,93,5.15100002288818,0.602126955986023,0.291631311178207,0.113989137113094,0.282410323619843,0.0226431842893362,,3.11748456954956
2017,Vietnam,94,5.07399988174438,0.571055591106415,0.234968051314354,0.652168989181519,0.0876332372426987,0.788547575473785,,1.46231865882874
2017,Nigeria,95,5.07399988174438,0.394952565431595,0.230947196483612,0.0569157302379608,0.0261215660721064,0.783756256103516,,2.36539053916931
2017,Tajikistan,96,5.04099988937378,0.471566706895828,0.248997643589973,0.529235124588013,0.146377146244049,0.524713635444641,,1.84904932975769
2017,Bhutan,97,5.01100015640259,0.501537680625916,0.474054545164108,0.495879292488098,0.173380389809608,0.885416388511658,,1.14018440246582
2017,Kyrgyzstan,98,5.00400018692017,0.454943388700485,0.42858037352562,0.553457796573639,0.0394391790032387,0.596220076084137,,1.53672313690186
2017,Nepal,99,4.96199989318848,0.440305948257446,0.394096165895462,0.504130780696869,0.0729755461215973,0.479820191860199,,1.8912410736084
2017,Mongolia,100,4.95499992370605,0.394143968820572,0.338464230298996,0.557783484458923,0.0329022891819477,1.02723586559296,,1.11129236221313
2017,South Africa,101,4.8289999961853,0.479246735572815,0.139362379908562,0.187080070376396,0.0725094974040985,1.05469870567322,,1.51090860366821
2017,Tunisia,102,4.80499982833862,0.289680689573288,0.0496933571994305,0.613212049007416,0.0867231488227844,1.00726580619812,,1.89025115966797
2017,Palestinian Territories,103,4.77500009536743,0.25471106171608,0.114173173904419,0.565666973590851,0.0892826020717621,0.716249227523804,,1.8788902759552
2017,Egypt,104,4.7350001335144,0.282110154628754,0.128631442785263,0.520187258720398,0.114381365478039,0.989701807498932,,1.70216107368469
2017,Bulgaria,105,4.71400022506714,0.289231717586517,0.113177694380283,0.708217680454254,0.0110515309497714,1.1614590883255,,0.996139287948608
2017,Sierra Leone,106,4.70900011062622,0.318697690963745,0.293040901422501,0.0055647538974881,0.0710951760411263,0.36842092871666,,2.66845989227295
2017,Cameroon,107,4.69500017166138,0.430388748645782,0.236298456788063,0.132892116904259,0.0513066314160824,0.564305365085602,,2.3336455821991
2017,Iran,108,4.69199991226196,0.249322608113289,0.387242913246155,0.639333188533783,0.048761073499918,1.15687310695648,,1.49873495101929
2017,Albania,109,4.64400005340576,0.381498634815216,0.201312944293022,0.731159746646881,0.0398642159998417,0.996192753314972,,1.49044156074524
2017,Bangladesh,110,4.60799980163574,0.478356659412384,0.172255352139473,0.533241033554077,0.123717859387398,0.586682975292206,,1.97873616218567
2017,Namibia,111,4.57399988174438,0.520303547382355,0.0771337449550629,0.33861181139946,0.0931469723582268,0.964434325695038,,1.4818902015686
2017,Kenya,112,4.55299997329712,0.452763766050339,0.444860309362411,0.309988349676132,0.0646413192152977,0.560479462146759,,1.6519021987915
2017,Mozambique,113,4.55000019073486,0.480791091918945,0.322228103876114,0.106654435396194,0.179436385631561,0.234305649995804,,2.35565090179443
2017,Myanmar,114,4.54500007629395,0.514492034912109,0.838075160980225,0.397522568702698,0.188816204667091,0.367110550403595,,1.11529040336609
2017,Senegal,115,4.53499984741211,0.377922266721725,0.183468893170357,0.409362852573395,0.115460447967052,0.479309022426605,,1.78964614868164
2017,Zambia,116,4.51399993896484,0.461603492498398,0.249580144882202,0.257835894823074,0.0782135501503944,0.636406779289246,,1.82670545578003
2017,Iraq,117,4.49700021743774,0.288555532693863,0.19963726401329,0.501180469989777,0.107215754687786,1.10271048545837,,1.31890726089478
2017,Gabon,118,4.46500015258789,0.312328577041626,0.0437853783369064,0.356578588485718,0.0760467872023582,1.1982102394104,,1.32291626930237
2017,Ethiopia,119,4.46000003814697,0.408842742443085,0.312650740146637,0.353409707546234,0.165455713868141,0.339233845472336,,2.01574373245239
2017,Sri Lanka,120,4.44000005722046,0.561213254928589,0.490863561630249,0.625130832195282,0.0736539661884308,1.00985014438629,,0.419389247894287
2017,Armenia,121,4.37599992752075,0.198303267359734,0.0834880918264389,0.637524425983429,0.0266744215041399,0.900596737861633,,1.5214991569519
2017,India,122,4.31500005722046,0.469987004995346,0.231538489460945,0.455427616834641,0.0922268852591515,0.792221248149872,,1.5191171169281
2017,Mauritania,123,4.29199981689453,0.0960980430245399,0.201870024204254,0.285349279642105,0.136957004666328,0.648457288742065,,1.65163731575012
2017,Congo (Brazzaville),124,4.29099988937378,0.435025870800018,0.120852127671242,0.28995743393898,0.0796181336045265,0.808964252471924,,1.72413563728333
2017,Georgia,125,4.28599977493286,0.309410035610199,0.0540088154375553,0.649546980857849,0.251666635274887,0.950612664222717,,1.50013780593872
2017,Congo (Kinshasa),126,4.28000020980835,0.235961347818375,0.246455833315849,0.191407024860382,0.0602413564920425,0.0921023488044739,,2.22495865821838
2017,Mali,127,4.19000005722046,0.306613743305206,0.183354198932648,0.169365674257278,0.104970246553421,0.476180493831635,,1.66819095611572
2017,Ivory Coast,128,4.17999982833862,0.447706192731857,0.201237469911575,0.0486421696841717,0.130061775445938,0.603048920631409,,1.84496426582336
2017,Cambodia,129,4.16800022125244,0.633375823497772,0.385922968387604,0.429783403873444,0.0681059509515762,0.601765096187592,,1.04294109344482
2017,Sudan,130,4.13899993896484,0.0149958552792668,0.182317450642586,0.290920823812485,0.089847519993782,0.65951669216156,,1.68706583976746
2017,Ghana,131,4.11999988555908,0.423026293516159,0.256923943758011,0.295637726783752,0.0253363698720932,0.667224824428558,,1.57786750793457
2017,Ukraine,132,4.09600019454956,0.122974775731564,0.270061463117599,0.575903952121735,0.0230294708162546,0.89465194940567,,0.814382314682007
2017,Uganda,133,4.08099985122681,0.443185955286026,0.325766056776047,0.217632606625557,0.057069718837738,0.381430715322495,,1.526362657547
2017,Burkina Faso,134,4.03200006484985,0.324367851018906,0.250864684581757,0.215844258666039,0.120328105986118,0.3502277135849,,1.72721290588379
2017,Niger,135,4.02799987792969,0.36365869641304,0.228673845529556,0.26850500702858,0.138572946190834,0.161925330758095,,1.87398338317871
2017,Malawi,136,3.97000002861023,0.466914653778076,0.287170469760895,0.315089583396912,0.0727116540074348,0.233442038297653,,2.08178615570068
2017,Chad,137,3.93600010871887,0.16234202682972,0.216113850474358,0.0411347150802612,0.0535818822681904,0.438012987375259,,2.07123804092407
2017,Zimbabwe,138,3.875,0.336384207010269,0.189143493771553,0.196763753890991,0.0953753814101219,0.375846534967422,,1.59797024726868
2017,Lesotho,139,3.80800008773804,0.390661299228668,0.157497271895409,0.0,0.119094640016556,0.521021246910095,,1.42983531951904
2017,Angola,140,3.79500007629395,0.0,0.097926490008831,0.0498686656355858,0.0697203353047371,0.858428180217743,,1.61448240280151
2017,Afghanistan,141,3.79399991035461,0.106179520487785,0.311870932579041,0.180746778845787,0.0611578300595284,0.401477217674255,,2.15080118179321
2017,Botswana,142,3.76600003242493,0.505196332931519,0.0993484482169151,0.341755509376526,0.0985831990838051,1.12209415435791,,0.3779137134552
2017,Benin,143,3.65700006484985,0.425962775945663,0.207948461174965,0.209930211305618,0.0609290152788162,0.431085407733917,,1.88563096523285
2017,Madagascar,144,3.64400005340576,0.189196765422821,0.208732530474663,0.375223308801651,0.0672319754958153,0.305808693170547,,1.58461260795593
2017,Haiti,145,3.6029999256134,0.0303698573261499,0.489203780889511,0.277321130037308,0.0998721495270729,0.368610262870789,,1.69716763496399
2017,Yemen,146,3.59299993515015,0.249463722109795,0.104125209152699,0.310080915689468,0.0567674227058887,0.591683447360992,,1.34560060501099
2017,South Sudan,147,3.59100008010864,0.147062435746193,0.285670816898346,0.163486003875732,0.116793513298035,0.39724862575531,,1.87956738471985
2017,Liberia,148,3.53299999237061,0.332881182432175,0.26654988527298,0.229918196797371,0.0389482490718365,0.119041793048382,,1.67328596115112
2017,Guinea,149,3.50699996948242,0.348587512969971,0.264815092086792,0.194129139184952,0.110937617719173,0.244549930095673,,1.55231189727783
2017,Togo,150,3.49499988555908,0.38042613863945,0.196896150708199,0.247105568647385,0.0956650152802467,0.305444717407227,,1.83722925186157
2017,Rwanda,151,3.47099995613098,0.581843852996826,0.252756029367447,0.326424807310104,0.455220013856888,0.368745893239975,,0.540061235427856
2017,Syria,152,3.46199989318848,0.0815394446253777,0.493663728237152,0.50053334236145,0.151347130537033,0.777153134346008,,1.06157350540161
2017,Tanzania,153,3.34899997711182,0.390017777681351,0.354256361722946,0.364509284496307,0.0660351067781448,0.511135876178741,,0.621130466461182
2017,Burundi,154,2.90499997138977,0.0599007532000542,0.204435184597969,0.151610791683197,0.0841479450464249,0.091622568666935,,1.68302416801453
2017,Central African Republic,155,2.69300007820129,0.270842045545578,0.280876487493515,0.0187726859003305,0.0565650761127472,0.0,,2.06600475311279
2018,Finland,1,7.632,0.681,0.202,0.874,0.393,1.305,1.592,
2018,Norway,2,7.594,0.686,0.286,0.861,0.34,1.456,1.582,
2018,Denmark,3,7.555,0.683,0.284,0.868,0.408,1.351,1.59,
2018,Iceland,4,7.495,0.677,0.353,0.914,0.138,1.343,1.644,
2018,Switzerland,5,7.487,0.66,0.256,0.927,0.357,1.42,1.549,
2018,Netherlands,6,7.441,0.638,0.333,0.878,0.295,1.361,1.488,
2018,Canada,7,7.328,0.653,0.321,0.896,0.291,1.33,1.532,
2018,New Zealand,8,7.324,0.669,0.365,0.876,0.389,1.268,1.601,
2018,Sweden,9,7.314,0.659,0.285,0.913,0.383,1.355,1.501,
2018,Australia,10,7.272,0.647,0.361,0.91,0.302,1.34,1.573,
2018,United Kingdom,11,7.19,0.464,0.262,0.888,0.082,1.244,1.433,
2018,Austria,12,7.139,0.617,0.242,0.891,0.224,1.341,1.504,
2018,Costa Rica,13,7.072,0.632,0.143,0.817,0.101,1.01,1.459,
2018,Ireland,14,6.977,0.614,0.307,0.876,0.306,1.448,1.583,
2018,Germany,15,6.965,0.586,0.273,0.861,0.28,1.34,1.474,
2018,Belgium,16,6.927,0.583,0.188,0.894,0.24,1.324,1.483,
2018,Luxembourg,17,6.91,0.632,0.196,0.896,0.321,1.576,1.52,
2018,United States,18,6.886,0.547,0.291,0.819,0.133,1.398,1.471,
2018,Israel,19,6.814,0.533,0.354,0.883,0.272,1.301,1.559,
2018,United Arab Emirates,20,6.774,0.284,0.186,0.67,,2.096,0.776,
2018,Czechia,21,6.711,0.543,0.064,0.854,0.034,1.233,1.489,
2018,Malta,22,6.627,0.645,0.376,0.884,0.142,1.27,1.525,
2018,France,23,6.489,0.52,0.098,0.908,0.176,1.293,1.466,
2018,Mexico,24,6.488,0.479,0.069,0.761,0.095,1.038,1.252,
2018,Chile,25,6.476,0.431,0.197,0.808,0.061,1.131,1.331,
2018,Taiwan Province of China,26,6.441,0.418,0.151,0.857,0.078,1.365,1.436,
2018,Panama,27,6.43,0.597,0.125,0.759,0.063,1.112,1.438,
2018,Brazil,28,6.419,0.493,0.11,0.675,0.088,0.986,1.474,
2018,Argentina,29,6.388,0.57,0.062,0.744,0.054,1.073,1.468,
2018,Guatemala,30,6.382,0.604,0.179,0.608,0.071,0.781,1.268,
2018,Uruguay,31,6.379,0.625,0.13,0.771,0.155,1.093,1.459,
2018,Qatar,32,6.374,0.654,0.256,0.748,0.171,1.649,1.303,
2018,Saudi Arabia,33,6.371,0.509,0.098,0.633,0.127,1.379,1.331,
2018,Singapore,34,6.343,0.631,0.261,1.008,0.457,1.529,1.451,
2018,Malaysia,35,6.322,0.356,0.311,0.669,0.059,1.161,1.258,
2018,Spain,36,6.31,0.449,0.142,0.965,0.074,1.251,1.538,
2018,Colombia,37,6.26,0.531,0.099,0.635,0.039,0.96,1.439,
2018,Trinidad and Tobago,38,6.192,0.575,0.171,0.564,0.019,1.223,1.492,
2018,Slovakia,39,6.173,0.354,0.118,0.776,0.014,1.21,1.537,
2018,El Salvador,40,6.167,0.461,0.065,0.639,0.082,0.806,1.231,
2018,Nicaragua,41,6.141,0.527,0.208,0.7,0.128,0.668,1.319,
2018,Poland,42,6.123,0.546,0.108,0.781,0.064,1.176,1.448,
2018,Bahrain,43,6.105,0.594,0.243,0.698,0.123,1.338,1.366,
2018,Uzbekistan,44,6.096,0.724,0.328,0.605,0.259,0.719,1.584,
2018,Kuwait,45,6.083,0.554,0.167,0.675,0.106,1.474,1.301,
2018,Thailand,46,6.072,0.637,0.364,0.707,0.029,1.016,1.417,
2018,Italy,47,6.0,0.281,0.137,0.946,0.028,1.264,1.501,
2018,Ecuador,48,5.973,0.556,0.114,0.736,0.12,0.889,1.33,
2018,Belize,49,5.956,0.593,0.183,0.474,0.089,0.807,1.101,
2018,Lithuania,50,5.952,0.35,0.026,0.716,0.006,1.197,1.527,
2018,Slovenia,51,5.948,0.633,0.16,0.856,0.051,1.219,1.506,
2018,Romania,52,5.945,0.528,0.088,0.726,0.001,1.116,1.219,
2018,Latvia,53,5.933,0.363,0.092,0.671,0.066,1.148,1.454,
2018,Japan,54,5.915,0.553,0.079,0.988,0.15,1.294,1.462,
2018,Mauritius,55,5.891,0.584,0.245,0.684,0.05,1.09,1.387,
2018,Jamaica,56,5.89,0.575,0.096,0.693,0.031,0.819,1.493,
2018,South Korea,57,5.875,0.244,0.175,0.955,0.051,1.266,1.204,
2018,North Cyprus,58,5.835,0.495,0.179,0.909,0.154,1.229,1.211,
2018,Russia,59,5.81,0.399,0.065,0.599,0.025,1.151,1.479,
2018,Kazakhstan,60,5.79,0.454,0.148,0.631,0.121,1.143,1.516,
2018,Cyprus,61,5.762,0.423,0.202,0.909,0.035,1.229,1.191,
2018,Bolivia,62,5.752,0.606,0.141,0.508,0.054,0.751,1.223,
2018,Estonia,63,5.739,0.553,0.086,0.737,0.174,1.2,1.532,
2018,Paraguay,64,5.681,0.541,0.162,0.615,0.074,0.835,1.522,
2018,Peru,65,5.663,0.53,0.092,0.674,0.034,0.934,1.249,
2018,Kosovo,66,5.662,0.448,0.274,0.578,0.023,0.855,1.23,
2018,Moldova,67,5.64,0.232,0.171,0.62,0.0,0.657,1.301,
2018,Turkmenistan,68,5.636,0.417,0.199,0.517,0.037,1.016,1.533,
2018,Hungary,69,5.62,0.259,0.061,0.732,0.022,1.171,1.401,
2018,Libya,70,5.566,0.496,0.116,0.553,0.148,0.985,1.35,
2018,Philippines,71,5.524,0.643,0.12,0.513,0.105,0.775,1.312,
2018,Honduras,72,5.504,0.459,0.197,0.622,0.074,0.62,1.205,
2018,Belarus,73,5.483,0.307,0.101,0.7,0.154,1.039,1.498,
2018,Turkey,74,5.483,0.324,0.106,0.686,0.109,1.148,1.38,
2018,Pakistan,75,5.472,0.334,0.216,0.424,0.113,0.652,0.81,
2018,Hong Kong S.A.R. of China,76,5.43,0.524,0.246,1.03,0.291,1.405,1.29,
2018,Portugal,77,5.41,0.562,0.055,0.884,0.017,1.188,1.429,
2018,Serbia,78,5.398,0.288,0.134,0.685,0.043,0.975,1.369,
2018,Greece,79,5.358,0.131,0.0,0.879,0.044,1.154,1.202,
2018,Lebanon,80,5.358,0.503,0.214,0.785,0.136,0.965,1.179,
2018,Montenegro,81,5.347,0.259,0.111,0.729,0.081,1.017,1.279,
2018,Croatia,82,5.321,0.38,0.12,0.737,0.039,1.115,1.161,
2018,Dominican Republic,83,5.302,0.578,0.12,0.614,0.106,0.982,1.441,
2018,Algeria,84,5.295,0.077,0.055,0.687,0.135,0.979,1.154,
2018,Morocco,85,5.254,0.46,0.026,0.669,0.074,0.779,0.797,
2018,China,86,5.246,0.597,0.029,0.799,0.103,0.989,1.142,
2018,Azerbaijan,87,5.201,0.43,0.031,0.603,0.176,1.024,1.161,
2018,Tajikistan,88,5.199,0.292,0.187,0.598,0.034,0.474,1.166,
2018,North Macedonia,89,5.185,0.394,0.173,0.691,0.052,0.959,1.239,
2018,Jordan,90,5.161,0.468,0.13,0.645,0.134,0.822,1.265,
2018,Nigeria,91,5.155,0.462,0.201,0.048,0.032,0.689,1.172,
2018,Kyrgyzstan,92,5.131,0.54,0.281,0.594,0.035,0.53,1.416,
2018,Bosnia and Herzegovina,93,5.129,0.28,0.216,0.758,0.0,0.915,1.078,
2018,Mongolia,94,5.125,0.395,0.253,0.575,0.032,0.914,1.517,
2018,Vietnam,95,5.103,0.618,0.177,0.702,0.079,0.715,1.365,
2018,Indonesia,96,5.093,0.538,0.484,0.522,0.018,0.899,1.215,
2018,Bhutan,97,5.082,0.541,0.364,0.527,0.171,0.796,1.335,
2018,Somalia,98,4.982,0.674,0.238,0.115,0.282,0.0,0.712,
2018,Cameroon,99,4.975,0.454,0.183,0.182,0.043,0.535,0.891,
2018,Bulgaria,100,4.933,0.359,0.064,0.712,0.009,1.054,1.515,
2018,Nepal,101,4.88,0.526,0.302,0.539,0.078,0.425,1.228,
2018,Venezuela,102,4.806,0.133,0.056,0.657,0.052,0.996,1.469,
2018,Gabon,103,4.758,0.356,0.032,0.404,0.052,1.036,1.164,
2018,Palestinian Territories,104,4.743,0.266,0.086,0.602,0.076,0.642,1.217,
2018,South Africa,105,4.724,0.516,0.103,0.33,0.056,0.94,1.41,
2018,Iran,106,4.707,0.459,0.282,0.691,0.129,1.059,0.771,
2018,Ivory Coast,107,4.671,0.467,0.146,0.08,0.103,0.541,0.872,
2018,Ghana,108,4.657,0.499,0.212,0.337,0.029,0.592,0.896,
2018,Senegal,109,4.631,0.406,0.138,0.433,0.082,0.429,1.117,
2018,Laos,110,4.623,0.626,0.23,0.441,0.174,0.72,1.034,
2018,Tunisia,111,4.592,0.271,0.04,0.69,0.063,0.9,0.906,
2018,Albania,112,4.586,0.419,0.149,0.79,0.032,0.916,0.817,
2018,Sierra Leone,113,4.571,0.355,0.238,0.0,0.053,0.256,0.813,
2018,Congo (Brazzaville),114,4.559,0.514,0.091,0.343,0.077,0.682,0.811,
2018,Bangladesh,115,4.5,0.58,0.153,0.579,0.144,0.532,0.85,
2018,Sri Lanka,116,4.471,0.585,0.307,0.672,0.05,0.918,1.314,
2018,Iraq,117,4.456,0.304,0.148,0.536,0.095,1.01,0.971,
2018,Mali,118,4.447,0.367,0.139,0.152,0.056,0.37,1.233,
2018,Namibia,119,4.441,0.519,0.051,0.365,0.064,0.874,1.281,
2018,Cambodia,120,4.433,0.696,0.256,0.457,0.065,0.549,1.088,
2018,Burkina Faso,121,4.424,0.312,0.175,0.254,0.128,0.314,1.097,
2018,Egypt,122,4.419,0.312,0.092,0.553,0.107,0.885,1.025,
2018,Mozambique,123,4.417,0.531,0.206,0.173,0.158,0.198,0.902,
2018,Kenya,124,4.41,0.504,0.352,0.454,0.055,0.493,1.048,
2018,Zambia,125,4.377,0.503,0.221,0.295,0.082,0.562,1.047,
2018,Mauritania,126,4.356,0.129,0.134,0.292,0.093,0.557,1.245,
2018,Ethiopia,127,4.35,0.452,0.22,0.391,0.146,0.308,0.95,
2018,Georgia,128,4.34,0.375,0.038,0.643,0.215,0.853,0.592,
2018,Armenia,129,4.321,0.26,0.077,0.666,0.028,0.816,0.99,
2018,Myanmar,130,4.308,0.58,0.598,0.429,0.178,0.682,1.174,
2018,Chad,131,4.301,0.189,0.181,0.053,0.06,0.358,0.907,
2018,Congo (Kinshasa),132,4.245,0.312,0.197,0.204,0.052,0.069,1.136,
2018,India,133,4.19,0.539,0.172,0.485,0.093,0.721,0.747,
2018,Niger,134,4.166,0.39,0.175,0.221,0.099,0.131,0.867,
2018,Uganda,135,4.161,0.45,0.259,0.237,0.061,0.322,1.09,
2018,Benin,136,4.141,0.44,0.163,0.24,0.067,0.378,0.372,
2018,Sudan,137,4.139,0.016,0.134,0.312,0.082,0.605,1.24,
2018,Ukraine,138,4.103,0.163,0.187,0.609,0.011,0.793,1.413,
2018,Togo,139,3.999,0.434,0.158,0.253,0.101,0.259,0.474,
2018,Guinea,140,3.964,0.394,0.185,0.211,0.094,0.344,0.792,
2018,Lesotho,141,3.808,0.423,0.116,0.079,0.112,0.472,1.215,
2018,Angola,142,3.795,0.0,0.079,0.269,0.061,0.73,1.125,
2018,Madagascar,143,3.774,0.221,0.155,0.402,0.049,0.262,0.908,
2018,Zimbabwe,144,3.692,0.406,0.132,0.248,0.099,0.357,1.094,
2018,Afghanistan,145,3.632,0.085,0.191,0.255,0.036,0.332,0.537,
2018,Botswana,146,3.59,0.557,0.042,0.417,0.092,1.017,1.174,
2018,Malawi,147,3.587,0.531,0.21,0.306,0.08,0.186,0.541,
2018,Haiti,148,3.582,0.025,0.392,0.289,0.104,0.315,0.714,
2018,Liberia,149,3.495,0.419,0.206,0.267,0.03,0.076,0.858,
2018,Syria,150,3.462,0.088,0.376,0.539,0.144,0.689,0.382,
2018,Rwanda,151,3.408,0.636,0.2,0.4,0.444,0.332,0.896,
2018,Yemen,152,3.355,0.244,0.083,0.343,0.064,0.442,1.073,
2018,Tanzania,153,3.303,0.481,0.27,0.381,0.097,0.455,0.991,
2018,South Sudan,154,3.254,0.112,0.224,0.177,0.106,0.337,0.608,
2018,Central African Republic,155,3.083,0.305,0.218,0.01,0.038,0.024,0.0,
2018,Burundi,156,2.905,0.065,0.149,0.145,0.076,0.091,0.627,
2019,Finland,1,7.769,0.596,0.153,0.986,0.393,1.34,1.587,
2019,Denmark,2,7.6,0.592,0.252,0.996,0.41,1.383,1.573,
2019,Norway,3,7.554,0.603,0.271,1.028,0.341,1.488,1.582,
2019,Iceland,4,7.494,0.591,0.354,1.026,0.118,1.38,1.624,
2019,Netherlands,5,7.488,0.557,0.322,0.999,0.298,1.396,1.522,
2019,Switzerland,6,7.48,0.572,0.263,1.052,0.343,1.452,1.526,
2019,Sweden,7,7.343,0.574,0.267,1.009,0.373,1.387,1.487,
2019,New Zealand,8,7.307,0.585,0.33,1.026,0.38,1.303,1.557,
2019,Canada,9,7.278,0.584,0.285,1.039,0.308,1.365,1.505,
2019,Austria,10,7.246,0.532,0.244,1.016,0.226,1.376,1.475,
2019,Australia,11,7.228,0.557,0.332,1.036,0.29,1.372,1.548,
2019,Costa Rica,12,7.167,0.558,0.144,0.963,0.093,1.034,1.441,
2019,Israel,13,7.139,0.371,0.261,1.029,0.082,1.276,1.455,
2019,Luxembourg,14,7.09,0.526,0.194,1.012,0.316,1.609,1.479,
2019,United Kingdom,15,7.054,0.45,0.348,0.996,0.278,1.333,1.538,
2019,Ireland,16,7.021,0.516,0.298,0.999,0.31,1.499,1.553,
2019,Germany,17,6.985,0.495,0.261,0.987,0.265,1.373,1.454,
2019,Belgium,18,6.923,0.473,0.16,0.986,0.21,1.356,1.504,
2019,United States,19,6.892,0.454,0.28,0.874,0.128,1.433,1.457,
2019,Czechia,20,6.852,0.457,0.046,0.92,0.036,1.269,1.487,
2019,United Arab Emirates,21,6.825,0.598,0.262,0.825,0.182,1.503,1.31,
2019,Malta,22,6.726,0.564,0.375,0.999,0.151,1.3,1.52,
2019,Mexico,23,6.595,0.433,0.074,0.861,0.073,1.07,1.323,
2019,France,24,6.592,0.436,0.111,1.045,0.183,1.324,1.472,
2019,Taiwan Province of China,25,6.446,0.351,0.242,0.914,0.097,1.368,1.43,
2019,Chile,26,6.444,0.357,0.187,0.92,0.056,1.159,1.369,
2019,Guatemala,27,6.436,0.535,0.175,0.746,0.078,0.8,1.269,
2019,Saudi Arabia,28,6.375,0.439,0.08,0.795,0.132,1.403,1.357,
2019,Qatar,29,6.374,0.555,0.22,0.871,0.167,1.684,1.313,
2019,Spain,30,6.354,0.362,0.153,1.062,0.079,1.286,1.484,
2019,Panama,31,6.321,0.516,0.109,0.91,0.054,1.149,1.442,
2019,Brazil,32,6.3,0.39,0.099,0.802,0.086,1.004,1.439,
2019,Uruguay,33,6.293,0.523,0.127,0.891,0.15,1.124,1.465,
2019,Singapore,34,6.262,0.556,0.271,1.141,0.453,1.572,1.463,
2019,El Salvador,35,6.253,0.43,0.093,0.789,0.074,0.794,1.242,
2019,Italy,36,6.223,0.231,0.158,1.039,0.03,1.294,1.488,
2019,Bahrain,37,6.199,0.536,0.255,0.871,0.11,1.362,1.368,
2019,Slovakia,38,6.198,0.334,0.121,0.881,0.014,1.246,1.504,
2019,Trinidad and Tobago,39,6.192,0.489,0.185,0.713,0.016,1.231,1.477,
2019,Poland,40,6.182,0.483,0.117,0.884,0.05,1.206,1.438,
2019,Uzbekistan,41,6.174,0.631,0.322,0.756,0.24,0.745,1.529,
2019,Lithuania,42,6.149,0.291,0.043,0.818,0.042,1.238,1.515,
2019,Colombia,43,6.125,0.47,0.099,0.841,0.034,0.985,1.41,
2019,Slovenia,44,6.118,0.564,0.144,0.953,0.057,1.258,1.523,
2019,Nicaragua,45,6.105,0.435,0.2,0.835,0.127,0.694,1.325,
2019,Kosovo,46,6.1,0.489,0.262,0.758,0.006,0.882,1.232,
2019,Argentina,47,6.086,0.471,0.066,0.881,0.05,1.092,1.432,
2019,Romania,48,6.07,0.462,0.083,0.825,0.005,1.162,1.232,
2019,Cyprus,49,6.046,0.406,0.19,1.042,0.041,1.263,1.223,
2019,Ecuador,50,6.028,0.498,0.126,0.868,0.087,0.912,1.312,
2019,Kuwait,51,6.021,0.493,0.142,0.808,0.097,1.5,1.319,
2019,Thailand,52,6.008,0.557,0.359,0.828,0.028,1.05,1.409,
2019,Latvia,53,5.94,0.264,0.075,0.812,0.064,1.187,1.465,
2019,South Korea,54,5.895,0.159,0.175,1.036,0.056,1.301,1.219,
2019,Estonia,55,5.893,0.495,0.103,0.874,0.161,1.237,1.528,
2019,Jamaica,56,5.89,0.49,0.107,0.831,0.028,0.831,1.478,
2019,Mauritius,57,5.888,0.498,0.215,0.798,0.06,1.12,1.402,
2019,Japan,58,5.886,0.445,0.069,1.088,0.14,1.327,1.419,
2019,Honduras,59,5.86,0.507,0.246,0.828,0.078,0.642,1.236,
2019,Kazakhstan,60,5.809,0.41,0.146,0.729,0.096,1.173,1.508,
2019,Bolivia,61,5.779,0.511,0.137,0.706,0.064,0.776,1.209,
2019,Hungary,62,5.758,0.199,0.081,0.828,0.02,1.201,1.41,
2019,Paraguay,63,5.743,0.514,0.184,0.777,0.08,0.855,1.475,
2019,North Cyprus,64,5.718,0.417,0.191,1.042,0.162,1.263,1.252,
2019,Peru,65,5.697,0.455,0.083,0.854,0.027,0.96,1.274,
2019,Portugal,66,5.693,0.508,0.047,0.999,0.025,1.221,1.431,
2019,Pakistan,67,5.653,0.313,0.22,0.535,0.098,0.677,0.886,
2019,Russia,68,5.648,0.334,0.082,0.726,0.031,1.183,1.452,
2019,Philippines,69,5.631,0.558,0.117,0.657,0.107,0.807,1.293,
2019,Serbia,70,5.603,0.282,0.137,0.854,0.039,1.004,1.383,
2019,Moldova,71,5.529,0.245,0.181,0.739,0.0,0.685,1.328,
2019,Libya,72,5.525,0.416,0.133,0.673,0.152,1.044,1.303,
2019,Montenegro,73,5.523,0.197,0.142,0.871,0.08,1.051,1.361,
2019,Tajikistan,74,5.467,0.389,0.23,0.718,0.144,0.493,1.098,
2019,Croatia,75,5.432,0.296,0.119,0.914,0.022,1.155,1.266,
2019,Hong Kong S.A.R. of China,76,5.43,0.44,0.258,1.122,0.287,1.438,1.277,
2019,Dominican Republic,77,5.425,0.497,0.113,0.779,0.101,1.015,1.401,
2019,Bosnia and Herzegovina,78,5.386,0.212,0.263,0.845,0.006,0.945,1.212,
2019,Turkey,79,5.373,0.195,0.083,0.808,0.106,1.183,1.36,
2019,Malaysia,80,5.339,0.508,0.26,0.828,0.024,1.221,1.171,
2019,Belarus,81,5.323,0.235,0.094,0.789,0.142,1.067,1.465,
2019,Greece,82,5.287,0.067,0.0,0.999,0.034,1.181,1.156,
2019,Mongolia,83,5.285,0.317,0.235,0.667,0.038,0.948,1.531,
2019,North Macedonia,84,5.274,0.345,0.185,0.838,0.034,0.983,1.294,
2019,Nigeria,85,5.265,0.426,0.215,0.245,0.041,0.696,1.111,
2019,Kyrgyzstan,86,5.261,0.508,0.3,0.723,0.023,0.551,1.438,
2019,Turkmenistan,87,5.247,0.394,0.244,0.657,0.028,1.052,1.538,
2019,Algeria,88,5.211,0.086,0.073,0.785,0.114,1.002,1.16,
2019,Morocco,89,5.208,0.418,0.036,0.782,0.076,0.801,0.782,
2019,Azerbaijan,90,5.208,0.351,0.035,0.769,0.182,1.043,1.147,
2019,Lebanon,91,5.197,0.216,0.166,0.815,0.027,0.987,1.224,
2019,Indonesia,92,5.192,0.491,0.498,0.66,0.028,0.931,1.203,
2019,China,93,5.191,0.521,0.058,0.893,0.1,1.029,1.125,
2019,Vietnam,94,5.175,0.543,0.147,0.851,0.073,0.741,1.346,
2019,Bhutan,95,5.082,0.457,0.37,0.604,0.167,0.813,1.321,
2019,Cameroon,96,5.044,0.381,0.187,0.331,0.037,0.549,0.91,
2019,Bulgaria,97,5.011,0.311,0.081,0.815,0.004,1.092,1.513,
2019,Ghana,98,4.996,0.381,0.245,0.486,0.04,0.611,0.868,
2019,Ivory Coast,99,4.944,0.352,0.154,0.232,0.09,0.569,0.808,
2019,Nepal,100,4.913,0.439,0.285,0.677,0.089,0.446,1.226,
2019,Jordan,101,4.906,0.383,0.11,0.815,0.13,0.837,1.225,
2019,Benin,102,4.883,0.349,0.175,0.397,0.082,0.393,0.437,
2019,Congo (Brazzaville),103,4.812,0.372,0.105,0.508,0.093,0.673,0.799,
2019,Gabon,104,4.799,0.295,0.043,0.571,0.055,1.057,1.183,
2019,Laos,105,4.796,0.547,0.266,0.551,0.164,0.764,1.03,
2019,South Africa,106,4.722,0.389,0.13,0.469,0.055,0.96,1.351,
2019,Albania,107,4.719,0.383,0.178,0.874,0.027,0.947,0.848,
2019,Venezuela,108,4.707,0.154,0.064,0.805,0.047,0.96,1.427,
2019,Cambodia,109,4.7,0.609,0.232,0.637,0.062,0.574,1.122,
2019,Palestinian Territories,110,4.696,0.225,0.103,0.672,0.066,0.657,1.247,
2019,Senegal,111,4.681,0.292,0.153,0.571,0.072,0.45,1.134,
2019,Somalia,112,4.668,0.559,0.243,0.268,0.27,0.0,0.698,
2019,Namibia,113,4.639,0.401,0.07,0.477,0.056,0.879,1.313,
2019,Niger,114,4.628,0.318,0.188,0.366,0.102,0.138,0.774,
2019,Burkina Faso,115,4.587,0.255,0.177,0.38,0.113,0.331,1.056,
2019,Armenia,116,4.559,0.283,0.095,0.815,0.064,0.85,1.055,
2019,Iran,117,4.548,0.305,0.27,0.785,0.125,1.1,0.842,
2019,Guinea,118,4.534,0.332,0.207,0.375,0.086,0.38,0.829,
2019,Georgia,119,4.519,0.346,0.043,0.752,0.164,0.886,0.666,
2019,Gambia,120,4.516,0.382,0.269,0.428,0.167,0.308,0.939,
2019,Kenya,121,4.509,0.431,0.372,0.581,0.053,0.512,0.983,
2019,Mauritania,122,4.49,0.066,0.106,0.489,0.088,0.57,1.167,
2019,Mozambique,123,4.466,0.494,0.197,0.39,0.138,0.204,0.986,
2019,Tunisia,124,4.461,0.167,0.059,0.815,0.055,0.921,1.0,
2019,Bangladesh,125,4.456,0.527,0.166,0.723,0.143,0.562,0.928,
2019,Iraq,126,4.437,0.241,0.148,0.574,0.089,1.043,0.98,
2019,Congo (Kinshasa),127,4.418,0.269,0.212,0.357,0.053,0.094,1.125,
2019,Mali,128,4.39,0.327,0.153,0.308,0.052,0.385,1.105,
2019,Sierra Leone,129,4.374,0.309,0.252,0.242,0.045,0.268,0.841,
2019,Sri Lanka,130,4.366,0.47,0.244,0.831,0.047,0.949,1.265,
2019,Myanmar,131,4.36,0.525,0.566,0.555,0.172,0.71,1.181,
2019,Chad,132,4.35,0.174,0.198,0.192,0.078,0.35,0.766,
2019,Ukraine,133,4.332,0.178,0.187,0.739,0.01,0.82,1.39,
2019,Ethiopia,134,4.286,0.344,0.209,0.532,0.1,0.336,1.033,
2019,"Eswatini, Kingdom of",135,4.212,0.313,0.074,0.0,0.135,0.811,1.149,
2019,Uganda,136,4.189,0.356,0.252,0.443,0.06,0.332,1.069,
2019,Egypt,137,4.166,0.241,0.076,0.644,0.067,0.913,1.039,
2019,Zambia,138,4.107,0.431,0.247,0.426,0.087,0.578,1.058,
2019,Togo,139,4.085,0.293,0.177,0.41,0.085,0.275,0.572,
2019,India,140,4.015,0.498,0.2,0.588,0.085,0.755,0.765,
2019,Liberia,141,3.975,0.37,0.233,0.443,0.033,0.073,0.922,
2019,Comoros,142,3.973,0.142,0.275,0.505,0.078,0.274,0.757,
2019,Madagascar,143,3.933,0.148,0.169,0.555,0.041,0.274,0.916,
2019,Lesotho,144,3.802,0.359,0.107,0.168,0.093,0.489,1.169,
2019,Burundi,145,3.775,0.22,0.176,0.38,0.18,0.046,0.447,
2019,Zimbabwe,146,3.663,0.361,0.151,0.433,0.089,0.366,1.114,
2019,Haiti,147,3.597,0.026,0.419,0.449,0.11,0.323,0.688,
2019,Botswana,148,3.488,0.455,0.025,0.538,0.1,1.041,1.145,
2019,Syria,149,3.462,0.013,0.331,0.44,0.141,0.619,0.378,
2019,Malawi,150,3.41,0.443,0.218,0.495,0.089,0.191,0.56,
2019,Yemen,151,3.38,0.143,0.108,0.463,0.077,0.287,1.163,
2019,Rwanda,152,3.334,0.555,0.217,0.614,0.411,0.359,0.711,
2019,Tanzania,153,3.231,0.417,0.276,0.499,0.147,0.476,0.885,
2019,Afghanistan,154,3.203,0.0,0.158,0.361,0.025,0.35,0.517,
2019,Central African Republic,155,3.083,0.225,0.235,0.105,0.035,0.026,0.0,
2019,South Sudan,156,2.853,0.01,0.202,0.295,0.091,0.306,0.575,
2020,Finland,1,7.808700085,0.66231674,0.159670442,0.961271405,0.477857262,1.285189509,1.499525905,2.762835026
2020,Denmark,2,7.645599842,0.665039897,0.242793396,0.979332566,0.495260328,1.326948524,1.503449202,2.432740688
2020,Switzerland,3,7.559899807,0.62895447,0.269055754,1.040533185,0.407945901,1.39077425,1.472403407,2.35026741
2020,Iceland,4,7.504499912,0.661980748,0.362330228,1.000843406,0.144540772,1.326501608,1.547567487,2.460688114
2020,Norway,5,7.487999916,0.670200884,0.287985086,1.008071899,0.434100568,1.42420733,1.495172501,2.168266296
2020,Netherlands,6,7.448900223,0.61362648,0.336317569,0.975675344,0.368569762,1.338946342,1.463645935,2.352117062
2020,Sweden,7,7.353499889,0.650297701,0.272827893,0.986470461,0.442066371,1.322235227,1.433347702,2.246299267
2020,New Zealand,8,7.299600124,0.646789908,0.325726211,1.008138299,0.461268276,1.242317915,1.48721838,2.128108025
2020,Austria,9,7.294199944,0.603368878,0.255509764,1.000933528,0.281256139,1.317285538,1.437444925,2.398446083
2020,Luxembourg,10,7.237500191,0.610137045,0.19595392,0.986442685,0.367041469,1.536676049,1.387528419,2.153700352
2020,Canada,11,7.23210001,0.644028127,0.28152892,1.022501945,0.351701856,1.301647663,1.435391903,2.195269108
2020,Australia,12,7.222799778,0.621877193,0.324973613,1.022607684,0.335996419,1.310396433,1.477146268,2.129804134
2020,United Kingdom,13,7.164500237,0.525168657,0.373433441,0.97570008,0.322601646,1.273061037,1.457844973,2.236721992
2020,Israel,14,7.128600121,0.420699477,0.266861796,1.008052945,0.09989845,1.216463685,1.403256774,2.713358402
2020,Costa Rica,15,7.121399879,0.645017743,0.131266311,0.939635336,0.096362092,0.981107712,1.374853611,2.953135014
2020,Ireland,16,7.093699932,0.587779939,0.295426995,0.975670695,0.373433262,1.446886778,1.470596433,1.943878174
2020,Germany,17,7.075799942,0.564274132,0.252037704,0.972114801,0.309362292,1.314184546,1.368543744,2.295249462
2020,United States,18,6.939599991,0.534608245,0.298143059,0.831618011,0.152284741,1.37398684,1.404786706,2.344124794
2020,Czechia,19,6.910900116,0.505744576,0.046325929,0.89456445,0.049803223,1.212322354,1.40528667,2.796808243
2020,Belgium,20,6.863500118,0.499805421,0.146966159,0.964901149,0.208724052,1.295842767,1.398677588,2.348626614
2020,United Arab Emirates,21,6.790800095,0.652936101,0.28065598,0.787814438,0.220213518,1.431086421,1.251170993,2.166965961
2020,Malta,22,6.772799969,0.633239031,0.341180831,0.972042024,0.178864077,1.252513289,1.442956924,1.952012062
2020,France,23,6.663799763,0.514050901,0.112607703,1.029714227,0.227303237,1.268129349,1.458839178,2.053198338
2020,Mexico,24,6.465000153,0.553892553,0.083094485,0.831601024,0.083133668,1.024387479,1.226333499,2.662540197
2020,Taiwan Province of China,25,6.45539999,0.449404389,0.150598705,0.878437996,0.131516352,1.327470541,1.357760668,2.160238743
2020,Uruguay,26,6.440100193,0.59426707,0.132143691,0.856928885,0.193425074,1.071000457,1.425081134,2.167276382
2020,Saudi Arabia,27,6.406499863,0.548477471,0.087440684,0.759818137,0.163322315,1.334328532,1.309950113,2.203118801
2020,Spain,28,6.400899887,0.425983816,0.16530548,1.051343083,0.109579779,1.230535269,1.421099186,1.997088432
2020,Guatemala,29,6.398900032,0.613146722,0.170611665,0.705952585,0.0983603,0.753815711,1.174267054,2.882723093
2020,Italy,30,6.38740015,0.321305573,0.170266211,1.022504926,0.040145598,1.236396074,1.347296,2.249505997
2020,Singapore,31,6.377099991,0.635317206,0.218770906,1.137814283,0.533162236,1.519580126,1.39545691,0.937031746
2020,Brazil,32,6.375599861,0.483292729,0.131674588,0.766119063,0.106518604,0.952679873,1.363464117,2.571860313
2020,Slovenia,33,6.363399982,0.646700144,0.145701498,0.932548046,0.076516323,1.208652496,1.464677691,1.888586521
2020,El Salvador,34,6.34829998,0.524043918,0.1189363,0.752730012,0.117030352,0.748940408,1.149397612,2.937191725
2020,Kosovo,35,6.325200081,0.557280421,0.325286865,0.672709167,0.008559024,0.840481341,1.183962822,2.736902714
2020,Panama,36,6.304800034,0.57984978,0.097207308,0.878546536,0.054230526,1.097667813,1.376149297,2.221176147
2020,Slovakia,37,6.280600071,0.423542529,0.116729774,0.853465259,0.011291441,1.194837689,1.424331188,2.256422043
2020,Uzbekistan,38,6.257599831,0.693270326,0.363311023,0.716703713,0.280260265,0.696652949,1.434020042,2.073346615
2020,Chile,39,6.228499889,0.417482227,0.155579001,0.889260828,0.06284935,1.096992493,1.323286891,2.283012867
2020,Bahrain,40,6.227300167,0.610399902,0.287453711,0.838836372,0.126697257,1.296692252,1.31532371,1.751917362
2020,Lithuania,41,6.215499878,0.42046079,0.053691041,0.795421183,0.081350274,1.193559647,1.432865739,2.238146067
2020,Trinidad and Tobago,42,6.191899776,0.55293113,0.199358255,0.658828557,0.015078396,1.167641521,1.407326221,2.190695763
2020,Poland,43,6.186299801,0.557903528,0.063374244,0.868038476,0.160541251,1.16922915,1.310399771,2.056797981
2020,Colombia,44,6.163400173,0.526890039,0.092374094,0.810020149,0.04584837,0.93220371,1.33445096,2.421656609
2020,Cyprus,45,6.15899992,0.459385872,0.227932334,1.026124597,0.051207144,1.21279943,1.149170756,2.032334805
2020,Nicaragua,46,6.13710022,0.560117304,0.212871477,0.803093255,0.174084574,0.620033145,1.27081275,2.496081114
2020,Romania,47,6.123700142,0.534852326,0.068181619,0.79229486,0.000829569,1.120401621,1.1944381,2.412749767
2020,Kuwait,48,6.102099895,0.570261419,0.132751092,0.776468933,0.112814933,1.424833655,1.244779825,1.840167999
2020,Mauritius,49,6.101299763,0.590838134,0.186894551,0.763389409,0.084088229,1.07366395,1.395666838,2.006720543
2020,Kazakhstan,50,6.057899952,0.497432142,0.153713793,0.698788941,0.110463686,1.122594237,1.453267694,2.021602631
2020,Estonia,51,6.021800041,0.576664805,0.125136748,0.842615008,0.201766819,1.192441225,1.453232527,1.629928112
2020,Philippines,52,6.006000042,0.621915162,0.129260212,0.602189481,0.130385727,0.775120676,1.245381713,2.501741886
2020,Hungary,53,6.000400066,0.386401802,0.070491239,0.806793869,0.027548173,1.164307117,1.423009396,2.121845722
2020,Thailand,54,5.998799801,0.609449804,0.376709014,0.793855846,0.031837862,1.007029295,1.347519517,1.832384109
2020,Argentina,55,5.974699974,0.520840347,0.070100471,0.849773705,0.060415059,1.028465629,1.372543693,2.072540998
2020,Honduras,56,5.953199863,0.568148077,0.256528199,0.791989982,0.086807102,0.598763585,1.186664104,2.464295387
2020,Latvia,57,5.949999809,0.329198807,0.075407945,0.777902424,0.090391524,1.14139545,1.414398789,2.121283054
2020,Ecuador,58,5.925199986,0.555234551,0.115006477,0.838837743,0.086753383,0.853383601,1.221027613,2.254933834
2020,Portugal,59,5.910900116,0.589895189,0.053036947,0.979315281,0.027733466,1.168800831,1.339530349,1.752558708
2020,Jamaica,60,5.889800072,0.553124607,0.116268493,0.788434088,0.030147785,0.779058397,1.408289194,2.214436531
2020,South Korea,61,5.872399807,0.25935635,0.170303866,1.022542596,0.094596282,1.245300651,1.133560538,1.946757078
2020,Japan,62,5.870800018,0.495465875,0.03571178,1.072881341,0.181439638,1.26672411,1.332338691,1.486200333
2020,Peru,63,5.796800137,0.513210058,0.091611817,0.824444175,0.02703266,0.91854918,1.208405972,2.213499546
2020,Serbia,64,5.77820015,0.395428419,0.15028289,0.828403294,0.059447147,0.988181829,1.327448964,2.029040098
2020,Bolivia,65,5.747499943,0.5744645,0.138375074,0.662445664,0.072942637,0.730976343,1.142350554,2.425928593
2020,Pakistan,66,5.69329977,0.405421734,0.228705063,0.469933242,0.122592121,0.616799474,0.872979581,2.976876736
2020,Paraguay,67,5.692100048,0.586510062,0.204299241,0.735869646,0.065077379,0.897990823,1.36819756,1.83412528
2020,Dominican Republic,68,5.689199924,0.5628739,0.112196781,0.741901696,0.115945682,0.983191848,1.328888893,1.844246864
2020,Bosnia and Herzegovina,69,5.674099922,0.305365741,0.264005244,0.813928187,0.001172487,0.91839546,1.203986526,2.16724205
2020,Moldova,70,5.607500076,0.389571488,0.174049184,0.713299453,0.014378744,0.707916796,1.237312198,2.370968342
2020,Tajikistan,71,5.555699825,0.521141171,0.182417125,0.680594802,0.221779913,0.474874616,1.218377709,2.25650835
2020,Montenegro,72,5.54610014,0.303223848,0.14901033,0.839028895,0.098435111,1.010150075,1.265657902,1.880565882
2020,Russia,73,5.546000004,0.399499595,0.099041916,0.68044591,0.045699362,1.126999617,1.378644109,1.815716743
2020,Kyrgyzstan,74,5.541500092,0.614617765,0.30137074,0.680645883,0.030466691,0.513180971,1.341036677,2.060206652
2020,Belarus,75,5.539899826,0.290755868,0.08993306,0.75258857,0.193607435,1.018854499,1.38713932,1.8069911
2020,North Cyprus,76,5.53550005,0.477885723,0.199160054,1.026124597,0.199802905,1.21279943,1.183089137,1.23668766
2020,Greece,77,5.514999866,0.173516348,0.0,0.979431748,0.048844352,1.128070116,1.168973565,2.016179085
2020,Hong Kong S.A.R. of China,78,5.510399818,0.459356517,0.288280904,1.136630654,0.332485437,1.376746058,1.243584275,0.673293114
2020,Croatia,79,5.504700184,0.381456882,0.113998979,0.900575578,0.012325006,1.109024286,1.311264873,1.676029205
2020,Libya,80,5.488800049,0.451354057,0.142757699,0.615626633,0.172258079,1.021913767,1.196283698,1.888563156
2020,Mongolia,81,5.456200123,0.355703115,0.263885736,0.615788162,0.046533126,0.904872775,1.458930612,1.810527563
2020,Malaysia,82,5.384300232,0.596941531,0.274886161,0.788511872,0.062163133,1.168421626,1.17400229,1.319420815
2020,Vietnam,83,5.353499889,0.650835574,0.136488721,0.819133997,0.089848459,0.718092382,1.253074765,1.685977936
2020,Indonesia,84,5.285600185,0.568161428,0.542646527,0.610437036,0.038278613,0.891720712,1.154800892,1.479573488
2020,Ivory Coast,85,5.233300209,0.397122532,0.169915587,0.154942513,0.093495794,0.537094414,0.799727261,3.081022501
2020,Benin,86,5.21600008,0.40583989,0.196670428,0.328062952,0.125931874,0.366244704,0.352428436,3.440809727
2020,Maldives,87,5.197599888,0.548203647,0.224198252,0.914439559,0.071906492,0.937864304,1.402287602,1.098674774
2020,Congo (Brazzaville),88,5.194399834,0.386514395,0.117216013,0.458101124,0.118670784,0.633616745,0.757636011,2.722619534
2020,Azerbaijan,89,5.164800167,0.467734724,0.040113214,0.731134057,0.247307181,0.990272701,1.180613041,1.507632971
2020,North Macedonia,90,5.159800053,0.410224587,0.18586354,0.802994132,0.024595059,0.935371995,1.183173537,1.617594957
2020,Ghana,91,5.147999763,0.477290064,0.261291206,0.432162255,0.056570381,0.575862467,0.96636796,2.378437281
2020,Nepal,92,5.137199879,0.480608255,0.300971806,0.66887939,0.127502963,0.444050372,1.100789309,2.014386892
2020,Turkey,93,5.131800175,0.25440076,0.085885569,0.781335294,0.120983243,1.127169251,1.197159171,1.564816713
2020,China,94,5.123899937,0.601605117,0.079021044,0.867248535,0.117255554,0.990533412,1.132080674,1.336181879
2020,Turkmenistan,95,5.119100094,0.515236676,0.323129326,0.612448037,0.03350389,1.008963585,1.510476947,1.115337372
2020,Bulgaria,96,5.101500034,0.417820066,0.103833713,0.777776897,0.0,1.046554685,1.460578918,1.294961452
2020,Morocco,97,5.094799995,0.450054139,0.040032551,0.745096922,0.077385604,0.75862211,0.645208478,2.378402472
2020,Cameroon,98,5.084899902,0.439242482,0.198020101,0.270189553,0.054393422,0.503958046,0.89972645,2.719370842
2020,Venezuela,99,5.053199768,0.271717221,0.087179154,0.76702553,0.063624777,0.770238638,1.348546863,1.74484086
2020,Algeria,100,5.005099773,0.083943799,0.118915014,0.745418549,0.129190654,0.943856001,1.143003583,1.840811729
2020,Senegal,101,4.980800152,0.352400899,0.164397135,0.518391907,0.081865937,0.504061818,0.95459342,2.405123949
2020,Guinea,102,4.949299812,0.371878058,0.249490842,0.333655238,0.112204559,0.390007734,0.75136596,2.740729809
2020,Niger,103,4.909599781,0.435311615,0.208176896,0.298816353,0.137554765,0.108330332,0.703800142,3.017630577
2020,Laos,104,4.888599873,0.612027287,0.27266711,0.486378282,0.194273964,0.714693844,0.987391889,1.621152639
2020,Albania,105,4.882699966,0.461945891,0.171027765,0.846329629,0.025361285,0.906653047,0.830483913,1.640897036
2020,Cambodia,106,4.848400116,0.674940348,0.233342081,0.587904334,0.072837502,0.544634938,1.071426034,1.663300037
2020,Bangladesh,107,4.832799911,0.604130566,0.176745117,0.694940507,0.176735908,0.556156278,0.868800581,1.755261898
2020,Gabon,108,4.829299927,0.369459897,0.052013602,0.522574842,0.055804539,0.988044381,1.10639751,1.735027552
2020,South Africa,109,4.814099789,0.43478182,0.126406848,0.407034069,0.05950214,0.902140439,1.259086251,1.625117302
2020,Iraq,110,4.784800053,0.283588052,0.153002068,0.529350698,0.073164992,0.982018709,1.011466622,1.752173662
2020,Lebanon,111,4.771500111,0.18551667,0.158524141,0.788671136,0.021518147,0.889232516,1.19249332,1.53554225
2020,Burkina Faso,112,4.768700123,0.322398156,0.186390609,0.312833875,0.126408055,0.302467644,0.9293859,2.588826418
2020,Gambia,113,4.750599861,0.403419524,0.425989687,0.353247881,0.158093795,0.256990552,0.882678688,2.270216465
2020,Mali,114,4.729300022,0.377534449,0.16966705,0.234981522,0.062146276,0.352462649,0.97314173,2.559335232
2020,Nigeria,115,4.724100113,0.435079455,0.221328124,0.167835936,0.047589935,0.645901859,0.986717939,2.219635487
2020,Armenia,116,4.676799774,0.378075808,0.107225738,0.77585727,0.104618184,0.808262408,1.034576893,1.468161583
2020,Georgia,117,4.672599792,0.485494107,0.047609735,0.694657624,0.174088076,0.847198069,0.7311939,1.69239831
2020,Iran,118,4.672399998,0.301195472,0.27697894,0.749053836,0.142651513,1.029322505,0.886271179,1.286969423
2020,Jordan,119,4.633399963,0.424855083,0.091494769,0.777624726,0.151878625,0.785179198,1.140118599,1.262258053
2020,Mozambique,120,4.623600006,0.56077534,0.220422104,0.324223638,0.163064316,0.178741366,0.955202878,2.221216202
2020,Kenya,121,4.583000183,0.519180536,0.393902093,0.536312759,0.067201078,0.476413399,0.905077755,1.684904575
2020,Namibia,122,4.571100235,0.444598973,0.076454483,0.40687117,0.054320343,0.84008199,1.245738149,1.503033161
2020,Ukraine,123,4.56069994,0.319423705,0.178551316,0.698674381,0.00965116,0.780434608,1.321316481,1.252669334
2020,Liberia,124,4.557899952,0.405943096,0.226967871,0.392284274,0.051139876,0.174103007,0.920733929,2.386757851
2020,Palestinian Territories,125,4.552800179,0.29870075,0.091816261,0.613826573,0.071913652,0.587819219,1.194755554,1.693985701
2020,Uganda,126,4.43200016,0.401682556,0.264807373,0.378311664,0.063818842,0.312337428,1.052327394,1.958671093
2020,Chad,127,4.422699928,0.228601769,0.210805088,0.1087441,0.085755408,0.302287489,0.739118278,2.74742651
2020,Tunisia,128,4.392199993,0.235860556,0.055881143,0.781156719,0.043899573,0.874742687,0.872167706,1.528496742
2020,Mauritania,129,4.374599934,0.185714483,0.128899664,0.425184816,0.122257635,0.539684892,1.113323569,1.85955739
2020,Sri Lanka,130,4.327000141,0.528632462,0.252666146,0.792036712,0.049444564,0.897986948,1.19494009,0.611288548
2020,Congo (Kinshasa),131,4.31099987,0.36462298,0.254324883,0.277212054,0.081466645,0.062487468,0.833055019,2.437864304
2020,"Eswatini, Kingdom of",132,4.308100224,0.299935788,0.067264833,0.215585828,0.146765873,0.827539742,1.064835191,1.686207294
2020,Myanmar,133,4.308000088,0.597478867,0.569813728,0.495443076,0.187530354,0.67809093,1.098178267,0.681462526
2020,Comoros,134,4.288599968,0.181028232,0.258538276,0.437383324,0.100048535,0.415620774,0.723232806,2.17276907
2020,Togo,135,4.187200069,0.303539038,0.200774252,0.342731178,0.114826456,0.268116266,0.547622859,2.409595251
2020,Ethiopia,136,4.186200142,0.41256687,0.227698103,0.483846247,0.117437035,0.315125644,1.001103282,1.628459215
2020,Madagascar,137,4.165599823,0.192967549,0.191190064,0.500617027,0.076248638,0.244553208,0.823694348,2.136298418
2020,Egypt,138,4.151400089,0.373684734,0.068801254,0.596911311,0.095461793,0.875228941,0.982539535,1.158818245
2020,Sierra Leone,139,3.926399946,0.382027686,0.257647008,0.203953966,0.047940936,0.240560383,0.747984946,2.046271801
2020,Burundi,140,3.775300026,0.275399059,0.187401786,0.295212835,0.212186828,0.0,0.403575271,2.401507378
2020,Zambia,141,3.759399891,0.49131754,0.250620902,0.36359334,0.086705238,0.536833763,0.896037281,1.134339333
2020,Haiti,142,3.720799923,0.169297516,0.463909656,0.37436673,0.161935672,0.284734428,0.646671355,1.619916916
2020,Lesotho,143,3.652800083,0.409367532,0.102627642,0.100934811,0.050483823,0.45493874,1.088940024,1.445513964
2020,India,144,3.573299885,0.581142247,0.237072483,0.54057014,0.105587982,0.730576158,0.644198656,0.734130859
2020,Malawi,145,3.538000107,0.487389833,0.213185057,0.446163297,0.131633952,0.176534727,0.53036809,1.552718282
2020,Yemen,146,3.527400017,0.243721485,0.094689012,0.41500017,0.087352127,0.392701775,1.177477121,1.116472721
2020,Botswana,147,3.478899956,0.50908941,0.033407487,0.494101733,0.101786368,0.997548997,1.08569479,0.257240534
2020,Tanzania,148,3.476200104,0.509343088,0.27154091,0.442677855,0.203880861,0.457163125,0.872674644,0.718963385
2020,Central African Republic,149,3.475899935,0.292814463,0.253513217,0.0,0.028264718,0.041072082,0.0,2.860197544
2020,Rwanda,150,3.312299967,0.604087889,0.235704988,0.572383285,0.485542476,0.343242675,0.522876322,0.548444986
2020,Zimbabwe,151,3.299200058,0.37740472,0.151349187,0.375037611,0.080928579,0.425564021,1.047835231,0.841031075
2020,South Sudan,152,2.816600084,0.065609254,0.209934607,0.208809033,0.111156799,0.289082974,0.553278506,1.378751278
2020,Afghanistan,153,2.566900015,0.0,0.135234714,0.266051531,0.001225785,0.30070585,0.356433839,1.507235646
2021,Finland,1,7.842,0.691,0.124,0.741,0.481,1.446,1.106,3.253
2021,Denmark,2,7.62,0.686,0.208,0.763,0.485,1.502,1.108,2.868
2021,Switzerland,3,7.571,0.653,0.204,0.816,0.413,1.566,1.079,2.839
2021,Iceland,4,7.554,0.698,0.293,0.772,0.17,1.482,1.172,2.967
2021,Netherlands,5,7.464,0.647,0.302,0.753,0.384,1.501,1.079,2.798
2021,Norway,6,7.392,0.703,0.249,0.782,0.427,1.543,1.108,2.58
2021,Sweden,7,7.363,0.685,0.244,0.763,0.448,1.478,1.062,2.683
2021,Luxembourg,8,7.324,0.639,0.166,0.76,0.353,1.751,1.003,2.653
2021,New Zealand,9,7.277,0.665,0.276,0.785,0.445,1.4,1.094,2.612
2021,Austria,10,7.268,0.64,0.215,0.782,0.292,1.492,1.062,2.784
2021,Australia,11,7.183,0.647,0.291,0.801,0.317,1.453,1.076,2.598
2021,Israel,12,7.157,0.509,0.208,0.788,0.119,1.376,1.074,3.083
2021,Germany,13,7.155,0.6,0.195,0.757,0.306,1.48,0.993,2.824
2021,Canada,14,7.103,0.648,0.246,0.798,0.335,1.447,1.044,2.585
2021,Ireland,15,7.085,0.606,0.238,0.753,0.367,1.644,1.092,2.384
2021,Costa Rica,16,7.069,0.673,0.105,0.722,0.083,1.134,0.966,3.387
2021,United Kingdom,17,7.064,0.58,0.34,0.757,0.306,1.423,1.062,2.596
2021,Czechia,18,6.965,0.58,0.052,0.703,0.046,1.37,1.09,3.124
2021,United States,19,6.951,0.554,0.252,0.621,0.154,1.533,1.03,2.807
2021,Belgium,20,6.834,0.489,0.088,0.747,0.187,1.463,0.998,2.862
2021,France,21,6.69,0.536,0.092,0.804,0.235,1.421,1.081,2.521
2021,Bahrain,22,6.647,0.661,0.246,0.662,0.139,1.409,0.899,2.631
2021,Malta,23,6.602,0.664,0.275,0.747,0.183,1.411,1.055,2.268
2021,Taiwan Province of China,24,6.584,0.49,0.142,0.665,0.139,1.48,0.982,2.687
2021,United Arab Emirates,25,6.561,0.67,0.236,0.594,0.223,1.555,0.86,2.422
2021,Saudi Arabia,26,6.494,0.603,0.09,0.571,0.163,1.435,0.964,2.668
2021,Spain,27,6.491,0.462,0.135,0.826,0.124,1.375,1.057,2.513
2021,Italy,28,6.483,0.379,0.133,0.798,0.047,1.393,0.94,2.794
2021,Slovenia,29,6.461,0.69,0.122,0.722,0.085,1.36,1.093,2.388
2021,Guatemala,30,6.435,0.638,0.163,0.519,0.105,0.845,0.79,3.375
2021,Uruguay,31,6.431,0.625,0.128,0.649,0.223,1.164,1.042,2.6
2021,Singapore,32,6.377,0.664,0.176,0.897,0.547,1.695,1.019,1.379
2021,Kosovo,33,6.372,0.593,0.356,0.483,0.014,0.937,0.807,3.182
2021,Slovakia,34,6.331,0.468,0.107,0.653,0.018,1.304,1.066,2.714
2021,Brazil,35,6.33,0.514,0.142,0.571,0.117,1.028,0.944,3.015
2021,Mexico,36,6.317,0.585,0.092,0.634,0.089,1.126,0.83,2.961
2021,Jamaica,37,6.309,0.618,0.099,0.599,0.035,0.891,0.932,3.135
2021,Lithuania,38,6.255,0.476,0.056,0.612,0.073,1.35,1.065,2.624
2021,Cyprus,39,6.223,0.464,0.178,0.801,0.061,1.377,0.765,2.578
2021,Estonia,40,6.189,0.641,0.119,0.64,0.263,1.344,1.079,2.103
2021,Panama,41,6.18,0.596,0.079,0.667,0.053,1.298,0.976,2.509
2021,Uzbekistan,42,6.179,0.716,0.391,0.528,0.271,0.769,1.027,2.477
2021,Chile,43,6.172,0.438,0.159,0.678,0.07,1.2,0.946,2.682
2021,Poland,44,6.166,0.558,0.08,0.668,0.13,1.309,0.982,2.438
2021,Kazakhstan,45,6.152,0.573,0.143,0.527,0.132,1.23,1.103,2.446
2021,Romania,46,6.14,0.564,0.045,0.595,0.001,1.275,0.832,2.83
2021,Kuwait,47,6.106,0.591,0.12,0.58,0.13,1.461,0.857,2.368
2021,Serbia,48,6.078,0.482,0.189,0.634,0.066,1.101,0.924,2.682
2021,El Salvador,49,6.061,0.615,0.116,0.565,0.16,0.845,0.675,3.085
2021,Mauritius,50,6.049,0.59,0.153,0.574,0.096,1.178,0.996,2.462
2021,Latvia,51,6.032,0.405,0.082,0.587,0.089,1.285,1.047,2.536
2021,Colombia,52,6.012,0.554,0.1,0.615,0.063,1.021,0.866,2.794
2021,Hungary,53,5.992,0.454,0.067,0.615,0.04,1.301,1.083,2.432
2021,Thailand,54,5.985,0.611,0.375,0.596,0.028,1.107,0.957,2.309
2021,Nicaragua,55,5.972,0.553,0.201,0.604,0.176,0.693,0.904,2.841
2021,Japan,56,5.94,0.504,0.02,0.838,0.192,1.389,0.949,2.048
2021,Argentina,57,5.929,0.544,0.069,0.646,0.067,1.162,0.98,2.461
2021,Portugal,58,5.929,0.621,0.029,0.76,0.033,1.323,0.939,2.225
2021,Honduras,59,5.919,0.578,0.241,0.593,0.083,0.703,0.787,2.934
2021,Croatia,60,5.882,0.453,0.111,0.703,0.0,1.251,1.039,2.325
2021,Philippines,61,5.88,0.651,0.125,0.426,0.126,0.853,0.828,2.872
2021,South Korea,62,5.845,0.353,0.134,0.801,0.135,1.403,0.758,2.262
2021,Peru,63,5.84,0.536,0.087,0.623,0.031,0.986,0.833,2.744
2021,Bosnia and Herzegovina,64,5.813,0.395,0.261,0.618,0.005,1.032,0.919,2.583
2021,Moldova,65,5.766,0.536,0.137,0.542,0.013,0.985,0.888,2.665
2021,Ecuador,66,5.764,0.56,0.107,0.64,0.062,0.935,0.806,2.653
2021,Kyrgyzstan,67,5.744,0.673,0.266,0.501,0.02,0.665,0.971,2.648
2021,Greece,68,5.723,0.243,0.0,0.76,0.074,1.273,0.811,2.561
2021,Bolivia,69,5.716,0.6,0.138,0.486,0.064,0.842,0.782,2.805
2021,Mongolia,70,5.677,0.397,0.263,0.442,0.053,0.966,1.065,2.492
2021,Paraguay,71,5.653,0.602,0.206,0.549,0.037,0.983,0.97,2.306
2021,Montenegro,72,5.581,0.397,0.166,0.637,0.081,1.155,0.891,2.254
2021,Dominican Republic,73,5.545,0.581,0.101,0.555,0.144,1.106,0.879,2.178
2021,North Cyprus,74,5.536,0.503,0.196,0.801,0.2,1.377,0.806,1.653
2021,Belarus,75,5.534,0.326,0.07,0.56,0.199,1.124,1.007,2.247
2021,Russia,76,5.477,0.409,0.115,0.511,0.06,1.241,0.992,2.148
2021,Hong Kong S.A.R. of China,77,5.477,0.408,0.232,0.893,0.342,1.525,0.841,1.236
2021,Tajikistan,78,5.466,0.548,0.152,0.498,0.247,0.508,0.895,2.619
2021,Vietnam,79,5.411,0.679,0.124,0.616,0.091,0.817,0.873,2.211
2021,Libya,80,5.41,0.474,0.131,0.435,0.174,1.044,0.821,2.331
2021,Malaysia,81,5.384,0.624,0.27,0.587,0.064,1.259,0.797,1.784
2021,Indonesia,82,5.345,0.598,0.541,0.433,0.046,0.954,0.786,1.987
2021,Congo (Brazzaville),83,5.342,0.381,0.144,0.307,0.124,0.518,0.392,3.476
2021,China,84,5.339,0.636,0.093,0.665,0.117,1.061,0.785,1.982
2021,Ivory Coast,85,5.306,0.438,0.177,0.052,0.092,0.669,0.409,3.469
2021,Armenia,86,5.283,0.54,0.079,0.585,0.198,0.996,0.758,2.127
2021,Nepal,87,5.269,0.488,0.287,0.496,0.135,0.519,0.702,2.642
2021,Bulgaria,88,5.266,0.494,0.125,0.583,0.005,1.181,1.055,1.823
2021,Maldives,89,5.198,0.575,0.204,0.697,0.073,1.115,1.015,1.52
2021,Azerbaijan,90,5.171,0.526,0.043,0.541,0.276,1.025,0.841,1.919
2021,Cameroon,91,5.142,0.425,0.205,0.159,0.058,0.543,0.556,3.195
2021,Senegal,92,5.132,0.381,0.158,0.357,0.088,0.518,0.558,3.071
2021,Albania,93,5.117,0.491,0.168,0.646,0.024,1.008,0.529,2.25
2021,North Macedonia,94,5.101,0.45,0.212,0.535,0.022,1.068,0.772,2.042
2021,Ghana,95,5.088,0.517,0.268,0.287,0.058,0.68,0.595,2.684
2021,Niger,96,5.074,0.516,0.2,0.167,0.157,0.162,0.402,3.47
2021,Turkmenistan,97,5.066,0.602,0.366,0.439,0.033,1.046,1.172,1.409
2021,Gambia,98,5.051,0.384,0.465,0.21,0.123,0.367,0.511,2.99
2021,Benin,99,5.045,0.457,0.166,0.196,0.178,0.507,0.058,3.482
2021,Laos,100,5.03,0.643,0.268,0.33,0.179,0.808,0.598,2.204
2021,Bangladesh,101,5.025,0.603,0.161,0.514,0.164,0.635,0.52,2.427
2021,Guinea,102,4.984,0.384,0.25,0.206,0.111,0.42,0.399,3.216
2021,South Africa,103,4.956,0.447,0.144,0.265,0.051,0.967,0.895,2.187
2021,Turkey,104,4.948,0.236,0.097,0.59,0.104,1.26,0.809,1.852
2021,Pakistan,105,4.934,0.418,0.252,0.322,0.097,0.637,0.423,2.784
2021,Morocco,106,4.918,0.477,0.034,0.558,0.088,0.792,0.219,2.749
2021,Venezuela,107,4.892,0.284,0.078,0.574,0.072,0.852,0.897,2.135
2021,Georgia,108,4.891,0.488,0.032,0.498,0.181,1.03,0.47,2.191
2021,Algeria,109,4.887,0.119,0.144,0.552,0.12,0.946,0.765,2.242
2021,Ukraine,110,4.875,0.417,0.181,0.517,0.01,0.979,0.958,1.813
2021,Iraq,111,4.854,0.302,0.153,0.381,0.041,0.91,0.638,2.429
2021,Gabon,112,4.852,0.424,0.058,0.362,0.064,1.037,0.707,2.201
2021,Burkina Faso,113,4.834,0.381,0.182,0.179,0.122,0.364,0.472,3.133
2021,Cambodia,114,4.83,0.702,0.21,0.426,0.061,0.603,0.68,2.148
2021,Mozambique,115,4.794,0.608,0.228,0.196,0.163,0.183,0.634,2.783
2021,Nigeria,116,4.759,0.433,0.212,0.051,0.039,0.663,0.625,2.736
2021,Mali,117,4.723,0.384,0.164,0.11,0.072,0.387,0.59,3.016
2021,Iran,118,4.721,0.275,0.33,0.561,0.144,1.03,0.557,1.823
2021,Uganda,119,4.636,0.398,0.267,0.24,0.054,0.364,0.718,2.596
2021,Liberia,120,4.625,0.43,0.221,0.253,0.057,0.228,0.58,2.857
2021,Kenya,121,4.607,0.483,0.375,0.385,0.073,0.603,0.508,2.18
2021,Tunisia,122,4.596,0.334,0.057,0.59,0.044,0.919,0.515,2.138
2021,Lebanon,123,4.584,0.175,0.14,0.595,0.026,1.045,0.868,1.736
2021,Namibia,124,4.574,0.411,0.091,0.262,0.059,0.882,0.801,2.068
2021,Palestinian Territories,125,4.517,0.33,0.082,0.434,0.075,0.646,0.819,2.131
2021,Myanmar,126,4.426,0.601,0.52,0.341,0.178,0.666,0.713,1.407
2021,Jordan,127,4.395,0.455,0.079,0.583,0.15,0.89,0.685,1.553
2021,Chad,128,4.355,0.24,0.215,0.0,0.084,0.255,0.353,3.209
2021,Sri Lanka,129,4.325,0.559,0.239,0.593,0.049,0.99,0.82,1.075
2021,"Eswatini, Kingdom of",130,4.308,0.323,0.067,0.074,0.147,0.849,0.693,2.155
2021,Comoros,131,4.289,0.202,0.241,0.279,0.101,0.488,0.367,2.61
2021,Egypt,132,4.283,0.446,0.069,0.426,0.092,0.954,0.647,1.648
2021,Ethiopia,133,4.275,0.451,0.241,0.331,0.114,0.37,0.679,2.089
2021,Mauritania,134,4.227,0.218,0.119,0.273,0.133,0.666,0.749,2.069
2021,Madagascar,135,4.208,0.207,0.185,0.341,0.087,0.266,0.503,2.62
2021,Togo,136,4.107,0.289,0.209,0.203,0.107,0.254,0.239,2.806
2021,Zambia,137,4.073,0.487,0.227,0.231,0.074,0.528,0.552,1.975
2021,Sierra Leone,138,3.849,0.408,0.243,0.1,0.047,0.279,0.377,2.396
2021,India,139,3.819,0.622,0.246,0.383,0.106,0.741,0.316,1.405
2021,Burundi,140,3.775,0.298,0.172,0.155,0.212,0.0,0.062,2.876
2021,Yemen,141,3.658,0.268,0.092,0.272,0.089,0.329,0.831,1.776
2021,Tanzania,142,3.623,0.549,0.307,0.3,0.231,0.433,0.54,1.263
2021,Haiti,143,3.615,0.257,0.463,0.227,0.139,0.294,0.173,2.06
2021,Malawi,144,3.6,0.484,0.213,0.298,0.134,0.113,0.168,2.19
2021,Lesotho,145,3.512,0.405,0.103,0.007,0.015,0.451,0.731,1.8
2021,Botswana,146,3.467,0.539,0.027,0.34,0.088,1.099,0.724,0.648
2021,Rwanda,147,3.415,0.627,0.227,0.407,0.493,0.364,0.202,1.095
2021,Zimbabwe,148,3.145,0.359,0.157,0.243,0.075,0.457,0.649,1.205
2021,Afghanistan,149,2.523,0.0,0.122,0.126,0.01,0.37,0.0,1.895
2022,Finland,1,7.821,0.736,0.109,0.775,0.534,1.892,1.258,2.518
2022,Denmark,2,7.636,0.719,0.188,0.777,0.532,1.953,1.243,2.226
2022,Iceland,3,7.557,0.718,0.27,0.803,0.191,1.936,1.32,2.32
2022,Switzerland,4,7.512,0.677,0.147,0.822,0.461,2.026,1.226,2.153
2022,Netherlands,5,7.415,0.651,0.271,0.787,0.419,1.945,1.206,2.137
2022,Luxembourg,6,7.404,0.7,0.12,0.79,0.388,2.209,1.155,2.042
2022,Sweden,7,7.384,0.724,0.218,0.803,0.512,1.92,1.204,2.003
2022,Norway,8,7.365,0.728,0.217,0.786,0.474,1.997,1.239,1.925
2022,Israel,9,7.364,0.568,0.155,0.818,0.143,1.826,1.221,2.634
2022,New Zealand,10,7.2,0.68,0.245,0.752,0.483,1.852,1.235,1.954
2022,Austria,11,7.163,0.623,0.193,0.774,0.329,1.931,1.165,2.148
2022,Australia,12,7.162,0.676,0.258,0.772,0.341,1.9,1.203,2.011
2022,Ireland,13,7.041,0.627,0.19,0.779,0.408,2.129,1.166,1.743
2022,Germany,14,7.034,0.585,0.163,0.776,0.358,1.924,1.088,2.142
2022,Canada,15,7.025,0.659,0.217,0.783,0.368,1.886,1.188,1.924
2022,United States,16,6.977,0.574,0.22,0.628,0.177,1.982,1.182,2.214
2022,United Kingdom,17,6.943,0.597,0.289,0.75,0.329,1.867,1.143,1.967
2022,Czechia,18,6.92,0.66,0.158,0.715,0.048,1.815,1.26,2.263
2022,Belgium,19,6.805,0.492,0.049,0.764,0.204,1.907,1.106,2.283
2022,France,20,6.687,0.567,0.07,0.808,0.266,1.863,1.219,1.895
2022,Bahrain,21,6.647,0.693,0.199,0.625,0.155,1.854,1.029,2.092
2022,Slovenia,22,6.63,0.685,0.118,0.769,0.115,1.81,1.249,1.885
2022,Costa Rica,23,6.582,0.661,0.089,0.744,0.102,1.584,1.054,2.346
2022,United Arab Emirates,24,6.576,0.702,0.204,0.633,0.25,1.998,0.98,1.809
2022,Saudi Arabia,25,6.523,0.651,0.078,0.577,0.18,1.87,1.092,2.075
2022,Taiwan Province of China,26,6.512,0.542,0.075,0.733,0.168,1.897,1.095,2.002
2022,Singapore,27,6.48,0.672,0.163,0.851,0.587,2.149,1.127,0.932
2022,Romania,28,6.477,0.605,0.039,0.655,0.006,1.719,1.006,2.446
2022,Spain,29,6.476,0.505,0.101,0.808,0.149,1.808,1.211,1.893
2022,Uruguay,30,6.474,0.665,0.103,0.672,0.265,1.615,1.18,1.974
2022,Italy,31,6.467,0.412,0.085,0.801,0.059,1.834,1.052,2.222
2022,Kosovo,32,6.455,0.599,0.309,0.569,0.035,1.362,0.949,2.631
2022,Malta,33,6.447,0.679,0.174,0.789,0.166,1.838,1.169,1.631
2022,Lithuania,34,6.446,0.496,0.053,0.659,0.077,1.804,1.204,2.153
2022,Slovakia,35,6.391,0.479,0.118,0.707,0.025,1.736,1.232,2.094
2022,Estonia,36,6.341,0.689,0.123,0.728,0.333,1.793,1.232,1.442
2022,Panama,37,6.309,0.592,0.049,0.709,0.051,1.715,1.107,2.086
2022,Brazil,38,6.293,0.546,0.131,0.615,0.134,1.462,1.044,2.361
2022,Guatemala,39,6.262,0.662,0.112,0.522,0.115,1.274,0.831,2.746
2022,Kazakhstan,40,6.234,0.584,0.134,0.611,0.157,1.668,1.22,1.86
2022,Cyprus,41,6.221,0.448,0.123,0.819,0.062,1.815,0.909,2.044
2022,Latvia,42,6.18,0.502,0.075,0.637,0.09,1.732,1.221,1.923
2022,Serbia,43,6.178,0.546,0.219,0.658,0.088,1.55,1.086,2.031
2022,Chile,44,6.172,0.46,0.124,0.748,0.069,1.651,1.08,2.04
2022,Nicaragua,45,6.165,0.617,0.168,0.617,0.212,1.105,1.029,2.418
2022,Mexico,46,6.128,0.621,0.092,0.623,0.115,1.552,0.886,2.239
2022,Croatia,47,6.125,0.535,0.109,0.709,0.0,1.705,1.183,1.884
2022,Poland,48,6.123,0.523,0.124,0.712,0.14,1.758,1.174,1.693
2022,El Salvador,49,6.12,0.666,0.089,0.607,0.212,1.265,0.768,2.514
2022,Kuwait,50,6.106,0.617,0.087,0.747,0.147,1.904,0.983,1.621
2022,Hungary,51,6.086,0.485,0.078,0.668,0.064,1.748,1.233,1.812
2022,Mauritius,52,6.071,0.589,0.131,0.568,0.107,1.591,1.116,1.969
2022,Uzbekistan,53,6.063,0.716,0.283,0.6,0.24,1.219,1.092,1.913
2022,Japan,54,6.039,0.537,0.007,0.866,0.218,1.835,1.089,1.487
2022,Honduras,55,6.022,0.582,0.202,0.555,0.076,1.111,0.885,2.611
2022,Portugal,56,6.016,0.655,0.016,0.777,0.039,1.76,1.078,1.691
2022,Argentina,57,5.967,0.555,0.081,0.662,0.085,1.592,1.102,1.891
2022,Greece,58,5.948,0.249,0.015,0.774,0.108,1.703,0.98,2.119
2022,South Korea,59,5.935,0.414,0.111,0.841,0.176,1.851,0.886,1.656
2022,Philippines,60,5.904,0.678,0.107,0.514,0.142,1.268,0.912,2.283
2022,Thailand,61,5.891,0.617,0.321,0.697,0.026,1.535,1.096,1.6
2022,Moldova,62,5.857,0.561,0.102,0.597,0.028,1.417,1.008,2.142
2022,Jamaica,63,5.85,0.567,0.08,0.646,0.053,1.296,1.045,2.164
2022,Kyrgyzstan,64,5.828,0.693,0.208,0.638,0.025,1.069,1.109,2.087
2022,Belarus,65,5.821,0.342,0.04,0.629,0.282,1.562,1.157,1.811
2022,Colombia,66,5.781,0.545,0.087,0.72,0.077,1.452,0.929,1.971
2022,Bosnia and Herzegovina,67,5.768,0.448,0.244,0.665,0.006,1.468,1.068,1.869
2022,Mongolia,68,5.761,0.398,0.247,0.467,0.059,1.393,1.197,1.999
2022,Dominican Republic,69,5.737,0.606,0.084,0.577,0.179,1.538,1.003,1.751
2022,Malaysia,70,5.711,0.654,0.213,0.62,0.126,1.689,0.938,1.471
2022,Bolivia,71,5.6,0.627,0.112,0.555,0.064,1.256,0.88,2.107
2022,China,72,5.585,0.656,0.099,0.705,0.142,1.508,0.958,1.516
2022,Paraguay,73,5.578,0.629,0.171,0.624,0.059,1.409,1.13,1.555
2022,Peru,74,5.559,0.545,0.09,0.735,0.037,1.397,0.865,1.89
2022,Montenegro,75,5.547,0.46,0.135,0.659,0.077,1.573,1.023,1.619
2022,Ecuador,76,5.533,0.565,0.08,0.708,0.083,1.352,0.879,1.866
2022,Vietnam,77,5.485,0.707,0.143,0.611,0.105,1.252,0.932,1.735
2022,Turkmenistan,78,5.474,0.649,0.314,0.516,0.032,1.484,1.319,1.16
2022,North Cyprus,79,5.467,0.523,0.13,0.819,0.213,1.815,0.888,1.078
2022,Russia,80,5.459,0.401,0.117,0.586,0.08,1.685,1.095,1.494
2022,Hong Kong S.A.R. of China,81,5.425,0.4,0.147,0.942,0.383,1.957,0.954,0.642
2022,Armenia,82,5.399,0.558,0.054,0.668,0.21,1.434,0.82,1.654
2022,Tajikistan,83,5.377,0.572,0.118,0.518,0.304,0.966,1.005,1.895
2022,Nepal,84,5.377,0.519,0.237,0.499,0.13,0.984,0.784,2.224
2022,Bulgaria,85,5.371,0.563,0.123,0.64,0.021,1.625,1.163,1.235
2022,Libya,86,5.33,0.477,0.106,0.606,0.179,1.476,0.943,1.544
2022,Indonesia,87,5.24,0.62,0.468,0.539,0.047,1.382,0.883,1.3
2022,Ivory Coast,88,5.235,0.451,0.149,0.322,0.124,1.094,0.442,2.652
2022,North Macedonia,89,5.199,0.488,0.215,0.637,0.031,1.505,0.863,1.461
2022,Albania,90,5.199,0.511,0.138,0.719,0.028,1.439,0.646,1.718
2022,South Africa,91,5.194,0.442,0.089,0.361,0.046,1.425,1.088,1.742
2022,Azerbaijan,92,5.173,0.601,0.023,0.56,0.341,1.458,1.093,1.098
2022,Gambia,93,5.164,0.367,0.388,0.369,0.103,0.785,0.621,2.531
2022,Bangladesh,94,5.155,0.622,0.125,0.581,0.187,1.06,0.614,1.967
2022,Laos,95,5.14,0.679,0.197,0.479,0.184,1.239,0.654,1.709
2022,Algeria,96,5.122,0.146,0.106,0.643,0.15,1.363,0.97,1.744
2022,Liberia,97,5.122,0.405,0.178,0.309,0.08,0.636,0.67,2.844
2022,Ukraine,98,5.084,0.473,0.188,0.583,0.017,1.411,1.081,1.331
2022,Congo (Kinshasa),99,5.075,0.431,0.13,0.355,0.146,0.95,0.405,2.658
2022,Morocco,100,5.06,0.492,0.02,0.565,0.102,1.208,0.268,2.405
2022,Mozambique,101,5.048,0.593,0.185,0.191,0.2,0.578,0.66,2.641
2022,Cameroon,102,5.048,0.397,0.152,0.317,0.074,0.968,0.672,2.469
2022,Senegal,103,5.046,0.494,0.143,0.447,0.081,0.933,0.53,2.419
2022,Niger,104,5.003,0.571,0.165,0.326,0.145,0.57,0.56,2.667
2022,Georgia,105,4.973,0.508,0.0,0.595,0.208,1.467,0.612,1.583
2022,Gabon,106,4.958,0.343,0.032,0.396,0.099,1.459,0.738,1.892
2022,Iraq,107,4.941,0.328,0.147,0.554,0.046,1.289,0.682,1.894
2022,Venezuela,108,4.925,0.283,0.225,0.578,0.082,0.0,0.968,2.79
2022,Guinea,109,4.891,0.334,0.214,0.275,0.116,0.848,0.566,2.538
2022,Iran,110,4.888,0.281,0.241,0.642,0.146,1.41,0.741,1.427
2022,Ghana,111,4.872,0.5,0.23,0.409,0.056,1.112,0.595,1.972
2022,Turkey,112,4.744,0.209,0.087,0.702,0.115,1.707,0.865,1.059
2022,Burkina Faso,113,4.67,0.382,0.186,0.32,0.126,0.779,0.565,2.313
2022,Cambodia,114,4.64,0.74,0.166,0.505,0.068,1.019,0.732,1.41
2022,Benin,115,4.623,0.479,0.127,0.335,0.23,0.932,0.064,2.458
2022,Comoros,116,4.609,0.185,0.195,0.424,0.125,0.899,0.476,2.304
2022,Uganda,117,4.603,0.402,0.222,0.418,0.066,0.777,0.875,1.842
2022,Nigeria,118,4.552,0.444,0.175,0.3,0.038,1.079,0.732,1.784
2022,Kenya,119,4.543,0.44,0.322,0.401,0.082,1.032,0.605,1.661
2022,Tunisia,120,4.516,0.316,0.029,0.656,0.029,1.35,0.596,1.54
2022,Pakistan,121,4.516,0.448,0.181,0.374,0.112,1.049,0.413,1.94
2022,Palestinian Territories,122,4.483,0.336,0.073,0.521,0.079,1.148,0.957,1.368
2022,Mali,123,4.479,0.35,0.128,0.311,0.042,0.792,0.483,2.373
2022,Namibia,124,4.459,0.384,0.067,0.354,0.071,1.292,0.877,1.414
2022,"Eswatini, Kingdom of",125,4.396,0.259,0.038,0.197,0.154,1.274,0.786,1.688
2022,Myanmar,126,4.394,0.513,0.452,0.491,0.194,1.038,0.829,0.877
2022,Sri Lanka,127,4.362,0.529,0.15,0.66,0.079,1.415,0.934,0.595
2022,Madagascar,128,4.339,0.202,0.143,0.378,0.154,0.67,0.645,2.148
2022,Egypt,129,4.288,0.469,0.041,0.548,0.254,1.388,0.732,0.856
2022,Chad,130,4.251,0.18,0.182,0.225,0.077,0.662,0.506,2.419
2022,Ethiopia,131,4.241,0.472,0.205,0.457,0.136,0.788,0.809,1.375
2022,Yemen,132,4.197,0.33,0.09,0.384,0.098,0.691,1.043,1.561
2022,Mauritania,133,4.153,0.304,0.088,0.45,0.138,1.1,0.865,1.207
2022,Jordan,134,4.152,0.476,0.058,0.675,0.2,1.324,0.724,0.695
2022,Togo,135,4.112,0.292,0.174,0.36,0.132,0.771,0.322,2.061
2022,India,136,3.777,0.647,0.198,0.471,0.123,1.167,0.376,0.795
2022,Zambia,137,3.76,0.525,0.203,0.306,0.083,0.93,0.577,1.135
2022,Malawi,138,3.75,0.477,0.14,0.388,0.157,0.648,0.279,1.661
2022,Tanzania,139,3.702,0.578,0.248,0.425,0.27,0.848,0.597,0.735
2022,Sierra Leone,140,3.574,0.387,0.202,0.273,0.055,0.686,0.416,1.556
2022,Lesotho,141,3.512,0.419,0.076,0.0,0.018,0.839,0.848,1.312
2022,Botswana,142,3.471,0.571,0.012,0.28,0.102,1.503,0.815,0.187
2022,Rwanda,143,3.268,0.621,0.187,0.462,0.544,0.785,0.133,0.536
2022,Zimbabwe,144,2.995,0.329,0.106,0.27,0.105,0.947,0.69,0.548
2022,Lebanon,145,2.955,0.103,0.082,0.631,0.034,1.392,0.498,0.216
2022,Afghanistan,146,2.404,0.0,0.089,0.289,0.005,0.758,0.0,1.263
